The following is responsible for storing calcium ions in muscle cells:, Sarcoplasmic reticulum, Golgi apparatus, Mitochondria, Endoplasmic reticulum,A
The following is the contractile unit of a skeletal muscle fiber:, Myofibril, Myosin filament, Sarcomere, Actin filament,C
The following is the neurotransmitter responsible for initiating muscle contraction:, Serotonin, Acetylcholine, Dopamine, GABA,B
The following is the enzyme that breaks down acetylcholine at the neuromuscular junction:, Acetylase, Cholinesterase, Acetyltransferase, Acetylcholinesterase,D
The following is the term for the brief delay between the receipt of a stimulus and the start of muscle contraction:, Contraction period, Relaxation period, Refractory period, Latent period,D
The following is the process by which ATP is generated in muscle cells without the presence of oxygen:, Glycolysis, Oxidative phosphorylation, Krebs cycle, Electron transport chain,A
The following is the protein that regulates the interaction between actin and myosin in muscle contraction:, Nebulin, Tropomyosin, Titin, Troponin,D
The following is the type of muscle contraction that involves a constant tension while the muscle changes in length:, Isotonic contraction, Concentric contraction, Eccentric contraction, Isometric contraction,A
The following is the specialized region of the sarcolemma that forms a motor end plate with the axon terminal of a motor neuron:, Synaptic knob, Synaptic vesicle, Neuromuscular junction, Synaptic cleft,C
The following is the phenomenon where a muscle fiber cannot respond to a stimulus until it has completely relaxed from a previous contraction:, Tetanus, Temporal summation, Wave summation, Muscle fatigue,B
The following is the process of muscle relaxation that occurs when calcium ions are actively pumped back into the sarcoplasmic reticulum:, Calcium reuptake, Calcium binding, Calcium release, Calcium activation,A
The following is the phenomenon where the force of muscle contraction increases as the rate of stimulation increases:, Treppe, Tetany, Tetanus, Summation,A
The following is the type of muscle contraction that involves the muscle generating force but not changing in length:, Isotonic contraction, Eccentric contraction, Concentric contraction, Isometric contraction,D
The following is the molecule that directly binds to calcium ions during muscle contraction:, Myosin, Tropomyosin, Actin, Troponin,D
The following is the enzyme that catalyzes the hydrolysis of ATP to provide energy for muscle contraction:, Phosphofructokinase, Creatine kinase, Actin ATPase, Myosin ATPase,D
The following is the process by which muscle fibers increase in size due to an increase in the number of myofibrils and the synthesis of more contractile proteins:, Hyperplasia, Hypertrophy, Mitosis, Atrophy,B
The following is the type of muscle contraction that involves the muscle shortening while generating force:, Concentric contraction, Eccentric contraction, Isotonic contraction, Isometric contraction,A
A motor neuron and all the muscle fibers it innervates is known as a/an:, Muscle spindle, Neuromuscular junction, Motor unit, Sarcomere,C
A type of muscle contraction where the muscle generates force but does not change in length is called a/an:, Isotonic contraction, Isometric contraction, Concentric contraction, Eccentric contraction,B
The protein that regulates the interaction between actin and myosin during muscle contraction is called:, Titin, Troponin, Myosin, Tropomyosin,D
The brief delay between the receipt of a stimulus and the start of muscle contraction is known as the:, Latent period, Contraction period, Refractory period, Relaxation period,A
The enzyme that breaks down acetylcholine at the neuromuscular junction is called:, Acetylase, Acetyltransferase, Cholinesterase, Acetylcholinesterase,D
The neurotransmitter responsible for initiating muscle contraction is:, Acetylcholine, Serotonin, GABA, Dopamine,A
The specialized region of the sarcolemma that forms a motor end plate with the axon terminal of a motor neuron is called the:, Neuromuscular junction, Synaptic vesicle, Synaptic cleft, Synaptic knob,A
The type of muscle contraction that involves a muscle generating force while changing in length is called a/an:, Concentric contraction, Isometric contraction, Eccentric contraction, Isotonic contraction,D
The process by which ATP is generated in muscle cells without the presence of oxygen is called:, Oxidative phosphorylation, Electron transport chain, Krebs cycle, Glycolysis,D
The contractile unit of a skeletal muscle fiber is called a/an:, Myofibril, Sarcomere, Myosin filament, Actin filament,B
The phenomenon where a muscle fiber cannot respond to a stimulus until it has completely relaxed from a previous contraction is called:, Muscle fatigue, Temporal summation, Wave summation, Tetanus,B
The molecule that directly binds to calcium ions during muscle contraction is called:, Myosin, Actin, Tropomyosin, Troponin,D
The type of muscle contraction that involves the muscle shortening while generating force is called a/an:, Eccentric contraction, Isometric contraction, Isotonic contraction, Concentric contraction,D
The enzyme that catalyzes the hydrolysis of ATP to provide energy for muscle contraction is called:, Phosphofructokinase, Creatine kinase, Myosin ATPase, Actin ATPase,C
The process of muscle relaxation that occurs when calcium ions are actively pumped back into the sarcoplasmic reticulum is called:, Calcium activation, Calcium reuptake, Calcium release, Calcium binding,B
The process by which muscle fibers increase in size due to an increase in the number of myofibrils and the synthesis of more contractile proteins is called:, Atrophy, Hyperplasia, Mitosis, Hypertrophy,D
The phenomenon where the force of muscle contraction increases as the rate of stimulation increases is called:, Tetany, Tetanus, Treppe, Summation,C
The following structure filters blood in the kidneys:, Renal artery, Loop of Henle, Glomerulus, Collecting duct,C
The following hormone regulates water reabsorption in the kidney tubules:, Atrial natriuretic peptide (ANP), Aldosterone, Antidiuretic hormone (ADH), Renin,C
The following is the process of removing waste products from the blood and forming urine in the kidneys:, Reabsorption, Filtration, Secretion, Excretion,D
The following is the hormone that stimulates red blood cell production in the bone marrow and is produced by the kidneys:, Parathyroid hormone, Thyroxine, Insulin, Erythropoietin,D
The following is the term for the functional unit of the kidney that filters blood and produces urine:, Nephron, Glomerulus, Renal corpuscle, Renal tubule,A
The following is the hormone that regulates sodium reabsorption and potassium excretion in the distal tubules of the kidney:, Aldosterone, Angiotensin II, Antidiuretic hormone (ADH), Atrial natriuretic peptide (ANP),A
The following is the process by which substances in the filtrate move from the renal tubules back into the bloodstream:, Secretion, Filtration, Excretion, Reabsorption,D
The following is the hormone that regulates calcium and phosphate levels in the blood and is produced by the parathyroid glands in response to low calcium levels:, Thyroid-stimulating hormone (TSH), Parathyroid hormone (PTH), Insulin, Calcitonin,B
The following is the process by which substances are actively transported from the peritubular capillaries into the renal tubules for excretion:, Secretion, Filtration, Reabsorption, Excretion,A
The following is the hormone that helps regulate blood pressure by constricting blood vessels and stimulating the release of aldosterone from the adrenal glands:, Erythropoietin, Angiotensin II, Atrial natriuretic peptide (ANP), Antidiuretic hormone (ADH),B
The following is the structure that connects the kidneys to the urinary bladder and transports urine from the kidneys to the bladder:, Urethra, Ureter, Renal artery, Renal pelvis,B
The following is the hormone that promotes water reabsorption in the kidneys by increasing the permeability of the collecting ducts to water:, Aldosterone, Renin, Antidiuretic hormone (ADH), Atrial natriuretic peptide (ANP),C
The following is the process by which water and solutes are forced out of the glomerulus and into the Bowman's capsule:, Excretion, Reabsorption, Filtration, Secretion,C
The following is the hormone that is released by the atria of the heart in response to high blood pressure and inhibits the release of aldosterone and ADH:, Angiotensin II, Atrial natriuretic peptide (ANP), Aldosterone, Erythropoietin,B
The following is the term for the network of capillaries that filters blood in the renal corpuscle of the nephron:, Glomerulus, Loop of Henle, Collecting duct, Renal artery,A
The following is the process by which substances move from the peritubular capillaries into the renal tubules for excretion or removal from the body:, Secretion, Excretion, Filtration, Reabsorption,A
The following is the hormone that stimulates the reabsorption of sodium and the secretion of potassium in the proximal tubules of the kidney:, Angiotensin II, Aldosterone, Antidiuretic hormone (ADH), Atrial natriuretic peptide (ANP),B
The following is the part of the nephron that is responsible for reabsorbing water and concentrating the urine:, Collecting duct, Loop of Henle, Renal tubule, Glomerulus,A
The following is the hormone that is released by the kidneys in response to high blood pressure and inhibits the release of renin and ADH:, Aldosterone, Angiotensin II, Erythropoietin, Atrial natriuretic peptide (ANP),D
The following is the process by which substances move from the renal tubules back into the peritubular capillaries:, Filtration, Excretion, Secretion, Reabsorption,D
The following is the part of the nephron that is responsible for reabsorbing most of the filtered water and solutes:, Loop of Henle, Glomerulus, Proximal convoluted tubule, Distal convoluted tubule,C
The following is the process by which substances move from the peritubular capillaries into the renal tubules for excretion or removal from the body:, Reabsorption, Secretion, Excretion, Filtration,B
The following is the hormone that stimulates the production of red blood cells in the bone marrow and is released by the kidneys in response to low oxygen levels in the blood:, Erythropoietin, Thyroxine, Parathyroid hormone (PTH), Insulin,A
The following is the term for the network of capillaries that surrounds the renal tubules and reabsorbs water and solutes from the tubular fluid back into the bloodstream:, Renal corpuscle, Peritubular capillaries, Renal tubule, Glomerulus,B
The following is the hormone that regulates water reabsorption in the kidneys by increasing the permeability of the collecting ducts to water and is released by the posterior pituitary gland:, Antidiuretic hormone (ADH), Atrial natriuretic peptide (ANP), Renin, Aldosterone,A
The following is the process by which substances in the blood are filtered out of the glomerular capillaries and into the Bowman's capsule:, Excretion, Filtration, Secretion, Reabsorption,B
The following is the hormone that is released by the adrenal glands and promotes the reabsorption of sodium and the excretion of potassium in the distal tubules of the kidney:, Aldosterone, Antidiuretic hormone (ADH), Angiotensin II, Atrial natriuretic peptide (ANP),A
The following is the part of the nephron that is responsible for reabsorbing bicarbonate ions and regulating acid-base balance in the body:, Proximal convoluted tubule, Glomerulus, Distal convoluted tubule, Loop of Henle,A
The following is the process by which substances move from the renal tubules into the peritubular capillaries:, Reabsorption, Secretion, Excretion, Filtration,B
The following is the hormone that is released by the atria of the heart in response to high blood pressure and inhibits the release of aldosterone and ADH:, Angiotensin II, Aldosterone, Erythropoietin, Atrial natriuretic peptide (ANP),D
The following is the term for the structure that carries urine from the urinary bladder to the outside of the body:, Renal pelvis, Renal artery, Ureter, Urethra,D
The following is the hormone that promotes the reabsorption of water and sodium in the kidneys and is released by the adrenal glands during times of stress or low blood pressure:, Aldosterone, Antidiuretic hormone (ADH), Angiotensin II, Atrial natriuretic peptide (ANP),A
The following is the part of the nephron that is responsible for reabsorbing water and concentrating the urine by creating a hypertonic medullary interstitium:, Collecting duct, Renaltubule, Glomerulus, Loop of Henle,D
The following is the hormone that is released by the kidneys in response to high blood pressure and inhibits the release of renin and ADH:, Atrial natriuretic peptide (ANP), Erythropoietin, Aldosterone, Angiotensin II,A
The following is the term for the volume of blood pumped out of the left ventricle of the heart in one minute:, Cardiac output, Heart rate, Blood pressure, Stroke volume,A
The following is the hormone that is released by the adrenal glands in response to stress and increases heart rate and blood pressure:, Norepinephrine, Cortisol, Epinephrine, Aldosterone,C
The following is the term for the force exerted by blood against the walls of the arteries as the heart pumps blood:, Blood pressure, Pulse pressure, Mean arterial pressure, Cardiac output,A
The following is the term for the electrical signal that initiates each heartbeat and is generated by the sinoatrial (SA) node:, QRS complex, Action potential, Sinus rhythm, P wave,C
The following is the term for the relaxation phase of the cardiac cycle when the ventricles are filling with blood:, Atrial depolarization, Systole, Ventricular depolarization, Diastole,D
The following is the term for the volume of blood ejected from the left ventricle of the heart with each contraction:, Stroke volume, Cardiac output, Heart rate, Blood pressure,A
The following is the term for the electrical signal that spreads across the ventricles and causes them to contract:, P wave, T wave, QRS complex, Sinus rhythm,C
The following is the term for the contraction phase of the cardiac cycle when the ventricles are pumping blood out of the heart:, Atrial depolarization, Diastole, Ventricular depolarization, Systole,D
The following is the term for the period of time between the closure of the aortic valve and the opening of the mitral valve:, Rapid ventricular filling, Isovolumetric contraction, Ventricular ejection, Isovolumetric relaxation,D
The following is the hormone that is released by the kidneys in response to low blood pressure and stimulates the production of red blood cells in the bone marrow:, Insulin, Erythropoietin, Parathyroid hormone (PTH), Thyroxine,B
The following is the term for the volume of blood remaining in the ventricles at the end of ventricular diastole:, End-diastolic volume, End-systolic volume, Stroke volume, Cardiac output,A
The following is the term for the period of time between the closure of the mitral valve and the opening of the aortic valve:, Ventricular ejection, Rapid ventricular filling, Isovolumetric relaxation, Isovolumetric contraction,D
The following is the term for the volume of blood ejected from the left ventricle of the heart with each contraction divided by the end-diastolic volume:, Cardiac output, Stroke volume, Ejection fraction, Heart rate,C
The following is the hormone that is released by the posterior pituitary gland and promotes water reabsorption in the kidneys:, Renin, Aldosterone, Atrial natriuretic peptide (ANP), Antidiuretic hormone (ADH),D
The following is the term for the period of time between the closure of the aortic valve and the opening of the pulmonic valve:, Ventricular ejection, Isovolumetric contraction, Isovolumetric relaxation, Rapid ventricular filling,C
The following is the hormone that is released by the atria of the heart in response to high blood pressure and promotes the excretion of water and sodium in the kidneys:, Atrial natriuretic peptide (ANP), Erythropoietin, Aldosterone, Angiotensin II,A
The following is the term for the resistance to blood flow in the systemic circulation:, Peripheral resistance, Pulmonary vascular resistance, Total peripheral resistance, Systemic vascular resistance,D
The following is the hormone that is released by the adrenal glands and promotes the reabsorption of sodium and the excretion of potassium in the distal tubules of the kidney:, Atrial natriuretic peptide (ANP), Antidiuretic hormone (ADH), Aldosterone, Angiotensin II,C
The following is the term for the electrical signal that spreads across the atria and causes them to contract:, Sinus rhythm, P wave, T wave, QRS complex,B
The following is the term for the total blood volume in the arterial system at any given time:, Cardiac blood volume, Systemic blood volume, Pulmonary blood volume, Central blood volume,B
The following is the hormone that is released by the kidneys in response to low oxygen levels in the blood and stimulates the production of red blood cells in the bone marrow:, Parathyroid hormone (PTH), Thyroxine, Erythropoietin, Insulin,C
The following is the term for the pressure exerted by blood on the walls of the arteries during ventricular contraction:, Pulse pressure, Mean arterial pressure, Systolic blood pressure, Diastolic blood pressure,C
The following is the term for the period of time between the closure of the mitral valve and the opening of the aortic valve during ventricular systole:, Isovolumetric contraction, Rapid ventricular filling, Ventricular ejection, Isovolumetric relaxation,A
The following is the hormone that is released by the adrenal glands in response to low blood pressure and increases sodium reabsorption in the kidneys to help restore blood pressure:, Atrial natriuretic peptide (ANP), Angiotensin II, Antidiuretic hormone (ADH), Aldosterone,D
The following is the term for the electrical signal that spreads across the ventricles and causes ventricular depolarization and contraction:, P wave, QRS complex, T wave, Sinus rhythm,B
The following is the term for the volume of blood pumped out of the heart with each contraction of the ventricles:, Heart rate, Cardiac output, Blood pressure, Stroke volume,D
The following is the term for the period of time between the closure of the aortic valve and the opening of the mitral valve during ventricular diastole:, Ventricular ejection, Isovolumetric relaxation, Isovolumetric contraction, Rapid ventricular filling,B
The following is the hormone that is released by the posterior pituitary gland and promotes water reabsorption in the kidneys to help maintain blood volume and pressure:, Atrial natriuretic peptide (ANP), Antidiuretic hormone (ADH), Renin, Aldosterone,B
The following is the term for the resistance to blood flow in the pulmonary circulation:, Total peripheral resistance, Pulmonary vascular resistance, Systemic vascular resistance, Peripheral resistance,B
The following is the hormone that is released by the atria of the heart in response to high blood pressure and promotes vasodilation and excretion of water and sodium in the kidneys:, Erythropoietin, Angiotensin II, Aldosterone, Atrial natriuretic peptide (ANP),D
The following is the term for the relaxation phase of the cardiac cycle when the ventricles are filling with blood and the semilunar valves are closed:, Diastole, Atrial depolarization, Ventricular depolarization, Systole,A
The following is the term for the volume of blood remaining in the ventricles at the end of ventricular systole:, End-diastolic volume, Stroke volume, End-systolic volume, Cardiac output,C
The following is the term for the electrical signal that initiates each heartbeat and is generated by the sinoatrial (SA) node and spreads across the atria causing atrial depolarization and contraction:, Sinus rhythm, QRS complex, P wave, Action potential,A
The following is the hormone that is released by the adrenal glands in response to stress and increases heart rate and contractility:, Epinephrine, Aldosterone, Cortisol, Norepinephrine,A
The following is the term for the pressure exerted by blood on the walls of the arteries during ventricular relaxation:, Pulse pressure, Systolic blood pressure, Diastolic blood pressure, Mean arterial pressure,C
The following is the hormone that is released by the kidneys in response to low blood pressure and stimulates vasoconstriction and the release of aldosterone from the adrenal glands:, Renin, Atrial natriuretic peptide (ANP), Antidiuretic hormone (ADH), Aldosterone,A
The following is the term for the period of time between the closure of the aortic valve and the opening of the pulmonic valve during ventricular diastole:, Isovolumetric contraction, Ventricular ejection, Rapid ventricular filling, Isovolumetric relaxation,D
The following is the hormone that is released by the adrenal glands in response to stress and increases heart rate and contractility:, Norepinephrine, Aldosterone, Epinephrine, Cortisol,C
The following is the term for the pressure exerted by blood on the walls of the arteries during ventricular relaxation:, Diastolic blood pressure, Mean arterial pressure, Systolic blood pressure, Pulse pressure,A
The following is the hormone that is released by the kidneys in response to low blood pressure and stimulates vasoconstriction and the release of aldosterone from the adrenal glands:, Antidiuretic hormone (ADH), Aldosterone, Renin, Atrial natriuretic peptide (ANP),C
The following is the term for the period of time between the closure of the aortic valve and the opening of the pulmonic valve during ventricular diastole:, Isovolumetric contraction, Isovolumetric relaxation, Ventricular ejection, Rapid ventricular filling,B
The following is the hormone that is released by the parathyroid glands in response to low blood calcium levels and promotes the release of calcium from bone and reabsorption of calcium in the kidneys:, Calcitonin, Thyroxine, Parathyroid hormone (PTH), Insulin,C
The following is the term for the volume of blood pumped out of the heart in one minute and is calculated by multiplying the heart rate by the stroke volume:, Heart rate, Blood pressure, Cardiac output, Stroke volume,C
The following is the term for the electrical signal that spreads across the atria and causes atrial depolarization and contraction:, QRS complex, P wave, Sinus rhythm, T wave,B
The following is the hormone that is released by the posterior pituitary gland and promotes water reabsorption in the kidneys to help maintain blood volume and pressure:, Antidiuretic hormone (ADH), Aldosterone, Renin, Atrial natriuretic peptide (ANP),A
The following is the term for the resistance to blood flow in the systemic circulation:, Total peripheral resistance, Systemic vascular resistance, Peripheral resistance, Pulmonary vascular resistance,B
The following is the hormone that is released by the adrenal glands and promotes the reabsorption of sodium and the excretion of potassium in the distal tubules of the kidney:, Angiotensin II, Antidiuretic hormone (ADH), Aldosterone, Atrial natriuretic peptide (ANP),C
The following is the term for the electrical signal that spreads across the atria and causes them to contract:, P wave, Sinus rhythm, QRS complex, T wave,A
The following is the term for the volume of blood pumped out of the heart with each contraction of the ventricles:, Cardiac output, Stroke volume, Heart rate, Blood pressure,B
The following is the term for the period of time between the closure of the aortic valve and the opening of the mitral valve during ventricular diastole:, Rapid ventricular filling, Isovolumetric contraction, Isovolumetric relaxation, Ventricular ejection,C
The following is the hormone that is released by the adrenal glands in response to low blood pressure and increases sodium reabsorption in the kidneys to help restore blood pressure:, Angiotensin II, Aldosterone, Atrial natriuretic peptide (ANP), Antidiuretic hormone (ADH),B
The following is the term for the electrical signal that spreads across the ventricles and causes ventricular depolarization and contraction:, T wave, Sinus rhythm, QRS complex, P wave,C
The following is the term for the volume of blood pumped out of the heart with each contraction of the ventricles:, Blood pressure, Heart rate, Cardiac output, Stroke volume,D
The following is the term for the period of time between the closure of the aortic valve and the opening of the mitral valve during ventricular diastole:, Isovolumetric contraction, Rapid ventricular filling, Isovolumetric relaxation, Ventricular ejection,C
The following is the hormone that is released by the adrenal glands in response to low blood pressure and increases sodium reabsorption in the kidneys to help restore blood pressure:, Angiotensin II, Antidiuretic hormone (ADH), Aldosterone, Atrial natriuretic peptide (ANP),C
1. Oxygen is transported in the blood primarily bound to which molecule?, Bicarbonate ions, Red blood cells, Carbon dioxide,Hemoglobin,D
2. The process of gas exchange that occurs between the blood and tissues is known as:, Pulmonary ventilation, External respiration,Internal respiration, Cellular respiration,C
3. The respiratory centers in the medulla oblongata are responsible for regulating:,Breathing rate and depth, Carbon dioxide production, Oxygen diffusion, Lung compliance,A
4. Which of the following muscles contracts during normal expiration?, External intercostal muscles, Scalene muscles,Internal intercostal muscles, Diaphragm,C
5. The condition characterized by episodes of breathing cessation during sleep is known as:, Asthma, Chronic obstructive pulmonary disease (COPD),Sleep apnea, Pneumonia,C
6. Which of the following is a respiratory disorder characterized by the destruction of alveolar walls and loss of elastic recoil?, Bronchitis, Pulmonary fibrosis, Asthma,Emphysema,D
7. Which of the following is the primary stimulus for increasing ventilation during exercise?,Increased carbon dioxide levels, Decreased temperature, Decreased oxygen levels, Increased pH levels,A
8. The process by which oxygen is transported from the alveoli to the pulmonary capillaries is known as:, Oxygen binding, Oxygen dissociation, Oxygen uptake,Oxygen diffusion,D
9. Surfactant is produced by which type of cells in the alveoli?, Type I alveolar cells, Mast cells, Macrophages,Type II alveolar cells,D
10. Which of the following is a respiratory disorder characterized by inflammation and narrowing of the airways?, Pulmonary fibrosis,Asthma, Emphysema, Pneumonia,B
11. The volume of air that can be forcibly exhaled after a normal expiration is known as:,Expiratory reserve volume, Inspiratory reserve volume, Residual volume, Tidal volume,A
12. The process of moving air into and out of the lungs is known as:,Pulmonary ventilation, Internal respiration, Cellular respiration, External respiration,A
13. Which of the following is the main muscle of inspiration?, External intercostal muscles,Diaphragm, Internal intercostal muscles, Abdominal muscles,B
14. The condition characterized by chronic inflammation of the bronchial tubes and excessive mucus production is known as:, Emphysema,Chronic bronchitis, Asthma, Pneumonia,B
15. Which of the following factors decreases the affinity of hemoglobin for oxygen?, Decreased carbon dioxide levels,Increased temperature, Alkalosis, Decreased pH levels,B
16. The volume of air that remains in the lungs after a maximal expiration is known as:,Residual volume, Inspiratory reserve volume, Expiratory reserve volume, Tidal volume,A
17. Which of the following is a respiratory disorder characterized by scarring and thickening of the lung tissue?, Chronic bronchitis, Asthma, Pneumonia,Pulmonary fibrosis,D
18. The process by which carbon dioxide is transported in the blood primarily in the form of bicarbonate ions is known as:, Carbon dioxide dissociation, Carbon dioxide uptake, Carbon dioxide binding,Carbon dioxide diffusion,D
19. Which of the following is a respiratory disorder characterized by recurrent episodes of wheezing and shortness of breath?, Pneumonia, Emphysema,Asthma, Pulmonary fibrosis,C
20. The partial pressure of oxygen in the alveoli is higher compared to the partial pressure of oxygen in which of the following?, Arteries, Tissues,Pulmonary capillaries, Systemic capillaries,C
Epidermis is composed of which type of cells?, Melanocytes, Fibroblasts,Keratinocytes, Langerhans cells,C
Which layer of the skin contains blood vessels and nerve endings?, Stratum corneum,Dermis, Hypodermis, Epidermis,B
What is the primary function of sebaceous glands in the skin?, Sensory perception, Temperature regulation, Sebum secretion,Production of sweat,C
Which of the following is responsible for skin pigmentation?,Melanin, Collagen, Keratin, Elastin,A
The layer of the epidermis that contains actively dividing cells is called the:,Stratum basale, Stratum corneum, Stratum granulosum, Stratum lucidum,A
What is the function of eccrine sweat glands?, Secreting melanin,Cooling the body, Producing sebum, Sensing touch,B
Which type of cells are responsible for the production of collagen and elastic fibers in the dermis?, Keratinocytes, Melanocytes, Langerhans cells,Fibroblasts,D
Which of the following is a function of the skin?, Respiration,Protection, Digestion, Circulation,B
Which layer of the skin contains adipose tissue for insulation and energy storage?, Epidermis,Hypodermis, Stratum corneum, Dermis,B
What is the function of Merkel cells in the skin?,Sensory perception, Sebum secretion, Temperature regulation, Melanin production,A
Which type of sweat glands are primarily found in the armpits and groin areas?, Meibomian glands,Apocrine sweat glands, Eccrine sweat glands, Sebaceous glands,B
What is the primary function of melanocytes in the skin?, Sensory perception, Sebum secretion,Production of melanin, Temperature regulation,C
Which layer of the skin is responsible for waterproofing and protection against pathogens?, Stratum granulosum,Stratum corneum, Stratum lucidum, Stratum basale,B
What is the primary function of the arrector pili muscles in the skin?, Melanin production, Temperature regulation, Sebum secretion,Hair erection,D
Which structure in the skin is responsible for detecting light touch and vibration?,Meissner's corpuscles, Pacinian corpuscles, Free nerve endings, Ruffini endings,A
Which type of cells are responsible for immune responses in the skin?, Fibroblasts, Keratinocytes,Langerhans cells, Melanocytes,C
Which layer of the skin contains specialized cells that function as touch receptors?, Stratum corneum,Stratum basale, Stratum granulosum, Stratum lucidum,B
What is the primary function of the stratum corneum in the epidermis?, Pigmentation, Sensation,Protection, Temperature regulation,C
The sensory receptors responsible for detecting light stimuli in the eye are called:, Chemoreceptors,Photoreceptors, Thermoreceptors, Mechanoreceptors,B
Which structure in the ear is responsible for detecting sound vibrations?,Cochlea, Vestibule, Eustachian tube, Tympanic membrane,A
What is the primary function of the olfactory epithelium in the nose?, Filtering air particles, Controlling airflow, Producing mucus,Detecting odor molecules,D
Which taste sensation is primarily detected by taste buds on the sides of the tongue?, Salty, Sweet, Bitter,Sour,D
The structure that changes the shape of the lens in the eye to focus light is called the:, Cornea,Ciliary muscle, Retina, Iris,B
The special sense responsible for detecting changes in body position and movement is known as:, Gustation, Audition,Proprioception, Olfaction,C
Which part of the eye contains the highest concentration of cones for color vision?,Fovea, Iris, Sclera, Optic disc,A
The sensory receptors responsible for detecting pressure and vibration in the skin are called:, Thermoreceptors, Photoreceptors,Mechanoreceptors, Chemoreceptors,C
Which structure in the ear is responsible for maintaining balance and detecting changes in head position?, Eustachian tube,Vestibule, Cochlea, Tympanic membrane,B
The taste sensation associated with amino acids and glutamate is known as:,Umami, Sweet, Sour, Bitter,A
What is the primary function of the cornea in the eye?,Refracting light, Producing tears, Focusing images on the retina, Controlling pupil size,A
The special sense responsible for detecting changes in temperature is known as:, Gustation,Thermoreception, Proprioception, Olfaction,B
Which part of the ear amplifies sound vibrations and transmits them to the inner ear?, Eustachian tube, Outer ear,Middle ear, Inner ear,C
The taste sensation associated with hydrogen ions is known as:, Salty, Bitter,Sour, Sweet,C
What is the primary function of the iris in the eye?, Refracting light,Controlling pupil size, Producing tears, Focusing images on the retina,B
The sensory receptors responsible for detecting changes in body position and orientation are located in the:, Nose, Eye, Skin,Inner ear,D
Which taste sensation is primarily detected by taste buds at the tip of the tongue?, Salty,Sour, Sweet, Bitter,B
What is the primary function of the fovea in the eye?, Color vision, Peripheral vision, Night vision,High-resolution vision,D
The special sense responsible for detecting chemical stimuli in the environment is known as:, Gustation, Proprioception, Audition,Olfaction,D
Which part of the ear converts sound vibrations into electrical signals that can be interpreted by the brain?,Cochlea, Vestibule, Tympanic membrane, Eustachian tube,A
The structure in the eye that helps regulate the amount of light entering the eye is the:, Retina, Optic nerve,Pupil, Lens,C
Which part of the ear is responsible for equalizing air pressure between the middle ear and the environment?, Cochlea,Eustachian tube, Vestibule, Tympanic membrane,B
The sense of taste is primarily detected by specialized sensory cells called:,Taste buds, Photoreceptors, Mechanoreceptors, Olfactory receptors,A
What is the primary function of the rods in the retina of the eye?,Low-light vision, Depth perception, Color vision, High-resolution vision,A
The special sense responsible for detecting changes in body position and movement is known as:,Proprioception, Gustation, Olfaction, Audition,A
The taste sensation associated with sodium ions is known as:,Salty, Sweet, Bitter, Sour,A
What is the primary function of the tympanic membrane in the ear?, Detecting changes in head position, Maintaining balance,Transmitting sound vibrations, Equalizing air pressure,C
The sensory receptors responsible for detecting changes in body temperature are called:,Thermoreceptors, Mechanoreceptors, Photoreceptors, Chemoreceptors,A
Which part of the eye is responsible for converting light into electrical signals that can be interpreted by the brain?, Lens,Retina, Optic nerve, Cornea,B
The special sense responsible for detecting changes in body temperature is known as:,Thermoreception, Gustation, Proprioception, Olfaction,A
Which part of the ear is responsible for converting sound waves into mechanical vibrations?, Vestibule,Tympanic membrane, Eustachian tube, Cochlea,B
The taste sensation associated with sugars and carbohydrates is known as:, Salty, Bitter,Sweet, Sour,C
What is the primary function of the optic nerve in the eye?,Transmitting visual signals to the brain, Controlling pupil size, Focusing images on the retina, Refracting light,A
The sensory receptors responsible for detecting changes in body position and orientation are located in the:, Nose,Inner ear, Eye, Skin,B
Which taste sensation is primarily detected by taste buds on the back of the tongue?,Bitter, Sour, Sweet, Salty,A
What is the primary function of the macula in the retina of the eye?, Peripheral vision, Color vision,Central vision, Night vision,C
The special sense responsible for detecting changes in chemical stimuli in the environment is known as:, Audition, Gustation,Olfaction, Proprioception,C
Which part of the ear is responsible for amplifying sound vibrations and transmitting them to the inner ear?, Inner ear, Eustachian tube,Middle ear, Outer ear,C
The sensory receptors responsible for detecting changes in light intensity are called:, Chemoreceptors,Photoreceptors, Mechanoreceptors, Thermoreceptors,B
The myelin sheath is composed primarily of:, Nucleic acids, Proteins,Lipids, Carbohydrates,C
Which part of the neuron is responsible for receiving signals from other neurons?, Synapse, Axon,Dendrites, Cell body,C
The neurotransmitter involved in muscle contraction and movement is:, GABA, Dopamine,Acetylcholine, Serotonin,C
Which part of the brain is responsible for coordinating voluntary muscle movements?,Cerebellum, Medulla oblongata, Hypothalamus, Cerebrum,A
The division of the nervous system that controls involuntary functions such as heart rate and digestion is the:, Central nervous system, Peripheral nervous system, Somatic nervous system,Autonomic nervous system,D
What is the primary function of the hypothalamus in the brain?,Regulation of body temperature, Control of hunger and thirst, Processing of sensory information, Production of hormones,A
The junction between two neurons where chemical signals are transmitted is called the:,Synapse, Cell body, Dendrite, Axon,A
Which part of the brain is responsible for processing visual information?, Parietal lobe, Frontal lobe,Occipital lobe, Temporal lobe,C
The neurotransmitter involved in mood regulation and emotional responses is:,Serotonin, GABA, Dopamine, Acetylcholine,A
What is the primary function of the medulla oblongata in the brain?,Control of vital functions such as breathing and heart rate, Processing of sensory information, Motor coordination, Language and speech production,A
The division of the peripheral nervous system that transmits sensory information to the central nervous system is the:, Autonomic division, Efferent division,Afferent division, Somatic division,C
Which part of the brain is responsible for processing auditory information?,Temporal lobe, Parietal lobe, Occipital lobe, Frontal lobe,A
The neurotransmitter involved in pleasure and reward pathways in the brain is:,Dopamine, Acetylcholine, GABA, Serotonin,A
What is the primary function of the amygdala in the brain?,Emotional processing and fear response, Motor coordination, Language and speech production, Control of hunger and thirst,A
The part of the central nervous system that is responsible for relaying sensory and motor signals between the brain and the rest of the body is the:,Spinal cord, Cerebrum, Cerebellum, Brainstem,A
Which part of the brain is responsible for higher cognitive functions such as reasoning and problem-solving?,Frontal lobe, Parietal lobe, Occipital lobe, Temporal lobe,A
The neurotransmitter involved in memory formation and learning is:, Serotonin,Acetylcholine, Dopamine, GABA,B
What is the primary function of the hippocampus in the brain?, Motor coordination, Control of hunger and thirst, Emotional processing,Formation and retrieval of memories,D
"The division of the autonomic nervous system that is responsible for the ""fight or flight"" response is the:",Sympathetic division, Central division, Parasympathetic division, Somatic division,A
Which part of the brain is responsible for processing tactile and sensory information?, Occipital lobe,Parietal lobe, Temporal lobe, Frontal lobe,B
The neurotransmitter involved in inhibiting neural activity and promoting relaxation is:, Dopamine, Acetylcholine,GABA, Serotonin,C
Which part of the brain is responsible for regulating sleep and wakefulness?,Reticular formation, Thalamus, Hippocampus, Amygdala,A
The division of the autonomic nervous system that is responsible for rest and digestion is the:, Sympathetic division,Parasympathetic division, Somatic division, Central division,B
What is the primary function of the frontal lobe in the brain?, Auditory processing, Motor coordination,Executive functions and decision-making, Visual processing,C
The neurotransmitter involved in pain perception and mood regulation is:, Dopamine, GABA, Acetylcholine,Serotonin,D
Which part of the brain is responsible for regulating body temperature and circadian rhythms?, Medulla oblongata,Hypothalamus, Cerebrum, Cerebellum,B
The region of the brain that plays a key role in the formation of new memories is the:, Hypothalamus, Amygdala,Hippocampus, Thalamus,C
What is the primary function of the brainstem in the central nervous system?,Control of vital functions such as breathing and heart rate, Motor coordination, Processing of sensory information, Language and speech production,A
The division of the autonomic nervous system that is responsible for mobilizing energy during times of stress is the:, Parasympathetic division, Central division, Somatic division,Sympathetic division,D
What is the primary function of the thalamus in the brain?, Emotional processing,Relay station for sensory information, Control of hunger and thirst, Production of hormones,B
The neurotransmitter involved in voluntary movement and reward pathways is:, Acetylcholine, Serotonin, GABA,Dopamine,D
Which part of the brain is responsible for processing language and speech production?, Temporal lobe,Broca's area, Wernicke's area, Parietal lobe,B
What is the primary function of the corpus callosum in the brain?,Communication between the left and right hemispheres, Control of hunger and thirst, Emotional processing, Motor coordination,A
The division of the autonomic nervous system that controls involuntary functions of internal organs is the:, Somatic motor division, Sensory division,Visceral motor division, Central division,C
Which part of the brain is responsible for processing visual and spatial information?,Occipital lobe, Frontal lobe, Temporal lobe, Parietal lobe,A
The neurotransmitter involved in mood regulation and sleep-wake cycles is:, Dopamine, GABA, Acetylcholine,Serotonin,D
Which part of the brain is responsible for processing and interpreting sensory information?, Motor cortex, Visual cortex,Somatosensory cortex, Auditory cortex,C
What is the primary function of the basal ganglia in the brain?, Processing of visual information, Control of hunger and thirst, Emotional processing,Motor control and coordination,D
"The division of the autonomic nervous system that controls the ""rest and digest"" response is the:",Parasympathetic division, Somatic division, Central division, Sympathetic division,A
Which part of the brain is responsible for processing and interpreting olfactory (smell) information?,Olfactory bulb, Amygdala, Hippocampus, Thalamus,A
What is the primary function of the limbic system in the brain?, Motor coordination,Emotional processing and memory formation, Control of body temperature, Language and speech production,B
The division of the autonomic nervous system that controls the contraction of smooth muscles and secretion of glands is the:, Somatic motor division, Sensory division, Central division,Visceral motor division,D
Which part of the brain is responsible for processing and interpreting gustatory (taste) information?,Gustatory cortex, Hippocampus, Thalamus, Amygdala,A
What is the primary function of the prefrontal cortex in the brain?, Auditory processing, Visual processing,Executive functions and decision-making, Motor coordination,C
The part of the central nervous system that is responsible for relaying sensory information to the cerebral cortex is the:,Thalamus, Hippocampus, Hypothalamus, Amygdala,A
Which neurotransmitter is deficient in individuals with Parkinson's disease?, Acetylcholine, Serotonin,Dopamine, GABA,C
What is the primary function of the reticular formation in the brain?, Control of hunger and thirst, Production of hormones,Regulation of sleep and wakefulness, Emotional processing,C
The division of the autonomic nervous system that controls the contraction of skeletal muscles is the:,Somatic motor division, Sensory division, Central division, Visceral motor division,A
Which part of the brain is responsible for processing and interpreting auditory (sound) information?, Somatosensory cortex,Auditory cortex, Motor cortex, Visual cortex,B
The neurotransmitter involved in regulating pain perception and mood is:, Acetylcholine,Serotonin, GABA, Dopamine,B
What is the primary function of the hypothalamus in the brain?,Regulation of body temperature and control of hunger and thirst, Language and speech production, Motor coordination, Emotional processing,A
The part of the central nervous system that is responsible for processing visual information is the:, Somatosensory cortex, Auditory cortex, Motor cortex,Visual cortex,D
Which neurotransmitter is commonly associated with feelings of pleasure and reward?,Dopamine, GABA, Serotonin, Acetylcholine,A
