The hormone that promotes glycogen synthesis and inhibits glycogen breakdown is,Glucagon,Epinephrine,Insulin,Cortisol,C
The process by which excess glucose is converted into fatty acids for storage is called,Ketogenesis,Glycolysis,Fatty acid synthesis,Gluconeogenesis,C
The enzyme responsible for catalyzing the conversion of pyruvate to acetyl-CoA is,Pyruvate dehydrogenase,Phosphoenolpyruvate carboxykinase,Lactate dehydrogenase,Pyruvate carboxylase,A
The molecule that serves as the primary energy storage molecule in animals is,Glycogen,Fatty acids,Glucose,ATP,A
The process by which fatty acids are broken down to produce acetyl-CoA is called,Fatty acid oxidation,Glycolysis,Fatty acid synthesis,Triglyceride breakdown,A
The enzyme responsible for catalyzing the rate-limiting step of glycolysis is,Phosphofructokinase,Hexokinase,Pyruvate kinase,Glyceraldehyde-3-phosphate dehydrogenase,A
The molecule that serves as the primary source of energy during prolonged fasting or starvation is,Ketone bodies,Glucose,Glycogen,Fatty acids,A
The process by which amino acids are converted into glucose or intermediates of the Krebs cycle is called,Glycolysis,Amination,Deamination,Gluconeogenesis,D
The enzyme responsible for catalyzing the conversion of glucose-6-phosphate to fructose-6-phosphate in glycolysis is,Pyruvate kinase,Phosphofructokinase,Glyceraldehyde-3-phosphate dehydrogenase,Hexokinase,B
The molecule that serves as the primary energy storage molecule in plants is,Glucose,ATP,Starch,Fatty acids,C
The process by which glucose is converted into pyruvate during glycolysis is called,Glycolysis,Gluconeogenesis,Glycogenolysis,Krebs cycle,A
The molecule that serves as the primary energy source for the brain during prolonged fasting or starvation is,Fatty acids,Ketone bodies,Glycogen,Glucose,B
The process by which excess dietary protein is converted into urea and excreted is,Deamination,Amination,Urea cycle,Gluconeogenesis,A
The enzyme responsible for catalyzing the conversion of acetyl-CoA to malonyl-CoA in fatty acid synthesis is,Acetyl-CoA carboxylase,Carnitine palmitoyltransferase I,Fatty acid synthase,Acyl carrier protein,A
The molecule that serves as the primary energy source during short-term fasting or exercise is,Glycogen,Fatty acids,Glucose,Ketone bodies,C
The process by which excess dietary carbohydrates are converted into glycogen for storage is,Gluconeogenesis,Glycolysis,Deamination,Glycogenolysis,D
The enzyme responsible for catalyzing the conversion of malonyl-CoA to palmitate in fatty acid synthesis is,Acetyl-CoA carboxylase,Acyl carrier protein,Fatty acid synthase,Carnitine palmitoyltransferase I,C
The molecule that serves as the primary energy source during prolonged fasting or starvation is,Ketone bodies,Fatty acids,Glycogen,Glucose,A
The process by which excess dietary fat is broken down into fatty acids for energy production is called,Fatty acid synthesis,Triglyceride breakdown,Ketogenesis,Fatty acid oxidation,D
The process by which bacteria generate ATP through the utilization of an electrochemical gradient is called,Fermentation,Anaerobic respiration,Aerobic respiration,Chemiosmosis,D
The type of microbial metabolism that relies on the presence of oxygen as the final electron acceptor is,Fermentation,Anaerobic respiration,Chemiosmosis,Aerobic respiration,D
The microbial metabolic pathway that involves the conversion of glucose into pyruvate is called,Gluconeogenesis,Krebs cycle,Electron transport chain,Glycolysis,D
The microbial metabolic pathway that involves the synthesis of glucose from non-carbohydrate sources is called,Gluconeogenesis,Krebs cycle,Glycolysis,Electron transport chain,A
The process by which microbes convert pyruvate into carbon dioxide and high-energy electron carriers is called,Gluconeogenesis,Krebs cycle,Electron transport chain,Glycolysis,B
The microbial metabolic pathway that involves the generation of ATP through the transfer of electrons along a series of membrane-bound carriers is called,Electron transport chain,Krebs cycle,Gluconeogenesis,Glycolysis,A
The process by which microbes produce ATP in the absence of oxygen is called,Anaerobic respiration,Aerobic respiration,Chemiosmosis,Fermentation,D
The microbial metabolic pathway that involves the production of lactate or ethanol from pyruvate is called,Gluconeogenesis,Electron transport chain,Glycolysis,Krebs cycle,B
The process by which microbes convert light energy into chemical energy in the form of ATP is called,Fermentation,Respiration,Photosynthesis,Chemosynthesis,C
The microbial metabolic pathway that involves the use of inorganic compounds as a source of energy for ATP production is called,Photosynthesis,Fermentation,Chemosynthesis,Respiration,C
The process by which microbes convert carbon dioxide into organic compounds using light energy is called,Fermentation,Photosynthesis,Chemosynthesis,Respiration,B
The microbial metabolic pathway that involves the oxidation of organic compounds to produce energy in the absence of oxygen is called,Fermentation,Chemosynthesis,Photosynthesis,Respiration,D
The process by which microbes convert inorganic compounds into organic compounds using chemical energy is called,Photosynthesis,Chemosynthesis,Respiration,Fermentation,B
The microbial metabolic pathway that involves the breakdown of organic compounds to produce energy in the absence of oxygen is called,Chemosynthesis,Photosynthesis,Fermentation,Respiration,C
The microbial metabolic pathway that involves the conversion of ammonia into nitrite and nitrate is called,Nitrogen fixation,Denitrification,Nitrification,Ammonification,C
The microbial metabolic pathway that involves the conversion of complex nitrogen-containing compounds into ammonia is called,Denitrification,Nitrification,Nitrogen fixation,Ammonification,D
The branch of microbiology that studies the interactions between microorganisms and their environment is called,Industrial microbiology,Environmental microbiology,Agricultural microbiology,Medical microbiology,B
The greenhouse gas primarily responsible for trapping heat in the Earth's atmosphere is,Ozone (O3),Carbon dioxide (CO2),Nitrous oxide (N2O),Methane (CH4),B
The process by which microorganisms convert atmospheric nitrogen into a form that can be used by plants is called,Ammonification,Nitrification,Denitrification,Nitrogen fixation,D
The term used to describe the long-term changes in temperature and weather patterns on Earth is,Climate change,Greenhouse effect,Global warming,Ozone depletion,A
The microorganism responsible for the majority of biological nitrogen fixation is,Mycobacterium,Nitrosomonas,Rhizobium,Escherichia coli,C
The term used to describe the average weather conditions of a region over a long period of time is,Microclimate,Season,Weather,Climate,D
The microorganism responsible for the production of methane in anaerobic environments is,Methanococcus,Methanotroph,Methanobacterium,Methanosarcina,C
The term used to describe the increase in Earth's average temperature due to the enhanced greenhouse effect is,Global warming,Ozone depletion,Climate change,Greenhouse effect,A
The microorganism responsible for the production of nitrous oxide gas during denitrification is,Paracoccus denitrificans,Pseudomonas denitrificans,Nitrosomonas europaea,Thiobacillus denitrificans,B
The process by which microorganisms convert ammonia into nitrate is called,Denitrification,Nitrification,Ammonification,Nitrogen fixation,B
The term used to describe the trapping of heat near the Earth's surface due to the presence of greenhouse gases is,Climate change,Ozone depletion,Greenhouse effect,Global warming,C
The microorganism responsible for the production of nitrogen oxide gases during nitrification is,Nitrosospira,Azotobacter,Nitrobacter,Nitrosomonas,C
The term used to describe the destruction of the ozone layer in the stratosphere due to human-made chemicals is,Climate change,Global warming,Greenhouse effect,Ozone depletion,D
The microorganism responsible for the production of carbon dioxide during respiration is,Saccharomyces cerevisiae,Pseudomonas aeruginosa,Bacillus subtilis,Escherichia coli,C
The process by which microorganisms convert carbon dioxide into organic compounds using light energy is called,Photosynthesis,Respiration,Fermentation,Chemosynthesis,A
The term used to describe the study of the distribution and abundance of organisms and their interactions with the environment is,Conservation biology,Evolutionary biology,Ecology,Environmental microbiology,D
The microorganism responsible for the production of carbon dioxide and methane in rice paddy fields is,Methanotroph,Methanococcus,Methanobacterium,Methanosarcina,A
The microorganism responsible for the degradation of petroleum hydrocarbons in oil reservoirs is,Desulfovibrio,Thermococcus,Methanobacterium,Pseudomonas,D
The process by which microorganisms utilize petroleum hydrocarbons as a source of energy and convert them into simpler compounds is called,Petroleum biodegradation,Petroleum extraction,Petroleum biosynthesis,Petroleum refining,A
The microbial metabolic pathway that involves the breakdown of complex hydrocarbon molecules into simpler compounds is called,Petroleum synthesis,Petrochemical conversion,Petroleum degradation,Petrogenesis,C
The microorganism responsible for the production of hydrogen sulfide gas in petroleum reservoirs is,Pseudomonas,Thermococcus,Sulfolobus,Desulfovibrio,D
The process by which microorganisms convert organic matter into methane gas in petroleum reservoirs is called,Biomethylation,Biogasification,Biomethanation,Bioconversion,C
The microbial metabolic pathway that involves the production of methane gas from carbon dioxide and hydrogen is called,Methanogenesis,Methanotransformation,Methanotrophy,Methane oxidation,A
The microorganism responsible for the production of corrosive sulfuric acid in petroleum pipelines is,Desulfotomaculum,Pseudomonas,Thiobacillus,Acidithiobacillus,C
The microbial metabolic pathway that involves the conversion of petroleum hydrocarbons into more chemically stable compounds is called,Petrochemical conversion,Petroleum degradation,Petroleum synthesis,Petrogenesis,C
The microorganism responsible for the production of biofilms and microbial corrosion in petroleum facilities is,Sulfolobus,Desulfovibrio,Acidithiobacillus,Pseudomonas,B
The microbial metabolic pathway that involves the conversion of organic sulfur compounds into hydrogen sulfide gas in petroleum reservoirs is called,Sulfur oxidation,Sulfate reduction,Sulfur assimilation,Sulfur methylation,B
The microorganism responsible for the production of biofilms and microbial corrosion in petroleum reservoirs is,Sulfolobus,Pseudomonas,Desulfovibrio,Acidithiobacillus,B
The microbial metabolic pathway that involves the conversion of organic nitrogen compounds into ammonia in petroleum reservoirs is called,Nitrification,Nitrogen fixation,Denitrification,Ammonification,D
The microorganism responsible for the production of hydrogen gas in petroleum reservoirs is,Thermococcus,Pseudomonas,Desulfovibrio,Methanobacterium,A
The microbial metabolic pathway that involves the conversion of organic compounds into carbon dioxide and methane gas in petroleum reservoirs is called,Methanogenesis,Methanotransformation,Methane oxidation,Methanotrophy,A
The microorganism responsible for the production of organic acids and alcohols during the fermentation of petroleum hydrocarbons is,Pseudomonas,Thermococcus,Bacillus subtilis,Escherichia coli,A
The bacterium responsible for causing tuberculosis is,Escherichia coli,Mycobacterium tuberculosis,Salmonella enterica,Staphylococcus aureus,B
The process by which bacteria move towards or away from chemical stimuli in their environment is called,Bacterial transformation,Bacterial transduction,Bacterial chemotaxis,Bacterial conjugation,C
The bacterium responsible for causing cholera is,Salmonella enterica,Escherichia coli,Vibrio cholerae,Helicobacter pylori,C
The structure that allows certain bacteria to attach to surfaces and form biofilms is called,Fimbriae,Pilus,Flagellum,Capsule,A
The bacterium responsible for causing Lyme disease is,Streptococcus pyogenes,Haemophilus influenzae,Borrelia burgdorferi,Clostridium difficile,C
The process by which bacteria exchange genetic material through direct cell-to-cell contact is called,Bacterial conjugation,Bacterial recombination,Bacterial transformation,Bacterial transduction,A
The bacterium responsible for causing urinary tract infections is,Neisseria gonorrhoeae,Escherichia coli,Streptococcus pneumoniae,Staphylococcus aureus,B
The structure that allows bacteria to move through their environment using a whip-like motion is called,Pilus,Fimbriae,Flagellum,Capsule,C
The bacterium responsible for causing pneumonia is,Streptococcus pneumoniae,Staphylococcus aureus,Haemophilus influenzae,Escherichia coli,A
The process by which bacteria take up free DNA from their environment and incorporate it into their own genome is called,Bacterial recombination,Bacterial conjugation,Bacterial transduction,Bacterial transformation,D
The bacterium responsible for causing food poisoning is,Helicobacter pylori,Escherichia coli,Salmonella enterica,Staphylococcus aureus,C
The structure that protects bacteria from phagocytosis by immune cells is called,Capsule,Pilus,Fimbriae,Flagellum,A
The bacterium responsible for causing meningitis is,Clostridium difficile,Streptococcus pyogenes,Neisseria meningitidis,Borrelia burgdorferi,C
The process by which bacteria acquire new genetic material from their environment through phage viruses is called,Bacterial recombination,Bacterial transformation,Bacterial transduction,Bacterial conjugation,C
The bacterium responsible for causing dental caries (tooth decay) is,Salmonella enterica,Staphylococcus aureus,Escherichia coli,Streptococcus mutans,D
The structure that allows bacteria to adhere to surfaces or host tissues is called,Capsule,Flagellum,Fimbriae,Pilus,C
The bacterium responsible for causing gastric ulcers is,Streptococcus pneumoniae,Haemophilus influenzae,Helicobacter pylori,Borrelia burgdorferi,C
The process by which bacteria exchange genetic material through the uptake of extracellular DNA fragments is called,Bacterial conjugation,Bacterial transduction,Bacterial recombination,Bacterial transformation,D
The bacterium responsible for causing sexually transmitted infections such as gonorrhea is,Salmonella enterica,Neisseria gonorrhoeae,Staphylococcus aureus,Escherichia coli,B
The structure that allows bacteria to transfer genetic material from one cell to another through a bridge-like structure is called,Capsule,Flagellum,Pilus,Fimbriae,C
Which is the most common method for diagnosing bacterial infections?,Stool culture,Blood culture,Sputum culture,Urine culture,B
Which of the following is not a Gram-negative bacteria?,Staphylococcus aureus,Pseudomonas aeruginosa,Escherichia coli,Klebsiella pneumoniae,A
Which test is used to identify the presence of Streptococcus pyogenes?,Bacitracin susceptibility test,Catalase test,Optochin susceptibility test,Coagulase test,A
Which organism is responsible for causing tuberculosis?,Haemophilus influenzae,Mycobacterium tuberculosis,Escherichia coli,Streptococcus pneumoniae,B
Which test is used to diagnose Helicobacter pylori infection?,Serological test,Culture,Polymerase chain reaction (PCR),Urease breath test,A
Which of the following is used to differentiate between Staphylococcus aureus and other Staphylococcus species?,Optochin susceptibility test,Catalase test,Bacitracin susceptibility test,Coagulase test,D
Which is the most sensitive test for diagnosing HIV infection during the early stage?,Rapid antibody test,ELISA (Enzyme-linked immunosorbent assay),PCR,Western blot,C
Which test is used to detect the presence of Clostridium difficile toxins in stool samples?,Culture,Enzyme immunoassay (EIA),Polymerase chain reaction (PCR),Toxin neutralization assay,B
Which bacterium is responsible for causing Lyme disease?,Borrelia burgdorferi,Haemophilus influenzae,Staphylococcus aureus,Streptococcus pneumoniae,A
Which test is used to diagnose syphilis?,ELISA (Enzyme-linked immunosorbent assay),Culture,Gram staining,Venereal Disease Research Laboratory (VDRL) test,D
Which of the following is a common cause of community-acquired pneumonia?,Escherichia coli,Haemophilus influenzae,Streptococcus pneumoniae,Pseudomonas aeruginosa,C
Which test is used to detect the presence of methicillin-resistant Staphylococcus aureus (MRSA)?,Vancomycin susceptibility test,Catalase test,Coagulase test,Oxacillin disk diffusion test,D
Which organism is responsible for causing urinary tract infections (UTIs)?,Escherichia coli,Streptococcus pneumoniae,Klebsiella pneumoniae,Staphylococcus aureus,A
Which test is used to diagnose viral hepatitis?,Hepatitis C antibody test,Hepatitis D RNA test,Hepatitis A IgM antibody test,Hepatitis B surface antigen (HBsAg) test,D
Which bacterium is responsible for causing meningitis in newborns?,Neisseria meningitidis,Streptococcus pneumoniae,Group B Streptococcus,Escherichia coli,C
Which test is used to identify the presence of Mycobacterium tuberculosis in sputum samples?,PCR,Tuberculin skin test,Acid-fast bacilli (AFB) smear microscopy,Mycobacterial culture,C
Which of the following is used to detect the presence of norovirus in stool samples?,Gram staining,Polymerase chain reaction (PCR),ELISA (Enzyme-linked immunosorbent assay),Culture,B
Which bacterium is responsible for causing dental caries (tooth decay)?,Escherichia coli,Pseudomonas aeruginosa,Staphylococcus aureus,Streptococcus mutans,D
Which test is used to diagnose Chlamydia trachomatis infection?,ELISA (Enzyme-linked immunosorbent assay),Nucleic acid amplification test (NAAT),Culture,Gram staining,B
Which organism is responsible for causing peptic ulcers?,Streptococcus pneumoniae,Pseudomonas aeruginosa,Helicobacter pylori,Escherichia coli,C
Which of the following stains is used to visualize acid-fast bacteria?,Ziehl-Neelsen stain,India ink stain,Giemsa stain,Gram stain,A
Which of the following organisms causes whooping cough?,Streptococcus pneumoniae,Haemophilus influenzae,Mycoplasma pneumoniae,Bordetella pertussis,D
Which of the following is the primary vector for Lyme disease?,Tick,Louse,Flea,Mosquito,A
Which type of hemolysis is characterized by a greenish discoloration around colonies on blood agar?,Non-hemolytic,Alpha hemolysis,Beta hemolysis,Gamma hemolysis,D
Which of the following bacteria is responsible for most cases of community-acquired pneumonia?,Streptococcus pneumoniae,Staphylococcus aureus,Klebsiella pneumoniae,Escherichia coli,A
Which of the following tests is used to distinguish between Staphylococcus aureus and other Staphylococcus species?,Oxidase test,Coagulase test,Catalase test,Indole test,B
Which of the following organisms causes syphilis?,Chlamydia trachomatis,Mycoplasma genitalium,Neisseria gonorrhoeae,Treponema pallidum,D
Which of the following is the causative agent of tuberculosis?,Streptococcus pyogenes,Haemophilus influenzae,Mycobacterium tuberculosis,Streptococcus pneumoniae,C
Which of the following stains is used to visualize fungi in clinical specimens?,Wright stain,Gram stain,Acridine orange stain,Periodic acid-Schiff stain,D
Which of the following is the primary mode of transmission for hepatitis A virus?,Fecal-oral,Respiratory droplets,Bloodborne,Sexual contact,A
Which of the following tests is used to identify the presence of methicillin-resistant Staphylococcus aureus (MRSA)?,Coagulase test,Oxidase test,PCR assay,Catalase test,C
Which of the following is the causative agent of malaria?,Plasmodium falciparum,Entamoeba histolytica,Toxoplasma gondii,Escherichia coli,A
Which of the following bacteria is associated with peptic ulcers?,Helicobacter pylori,Escherichia coli,Clostridium difficile,Staphylococcus aureus,A
Which of the following tests is used to identify the presence of human immunodeficiency virus (HIV)?,Blood culture,PCR,ELISA,Rapid antigen test,C
Which of the following fungi is responsible for causing vaginal yeast infections?,Cryptococcus neoformans,Histoplasma capsulatum,Aspergillus fumigatus,Candida albicans,D
Which of the following is the causative agent of anthrax?,Bacillus subtilis,Bacillus anthracis,Bacillus megaterium,Bacillus cereus,B
Which of the following bacteria is associated with urinary tract infections (UTIs)?,Klebsiella pneumoniae,Staphylococcus aureus,Escherichia coli,Streptococcus pyogenes,C
Which of the following tests is used to identify the presence of Clostridium difficile toxin in stool samples?,Culture and sensitivity,PCR assay,Gram stain,ELISA,D
Which of the following viruses is the causative agent of chickenpox?,Human papillomavirus,Human herpesvirus 6,Epstein-Barr virus,Varicella-zoster virus,D
Which of the following bacteria is responsible for causing Lyme disease?,Legionella pneumophila,Rickettsia rickettsii,Borrelia burgdorferi,Clostridium tetani,C
Which virus is responsible for causing hepatitis B?,Hepatitis C virus,Hepatitis A virus,Hepatitis D virus,Hepatitis B virus,D
Which of the following is the primary causative agent of pneumonia in immunocompromised individuals?,Streptococcus pneumoniae,Mycobacterium tuberculosis,Klebsiella pneumoniae,Pseudomonas aeruginosa,D
Which bacteria is known for causing food poisoning through the production of enterotoxins?,Escherichia coli,Clostridium difficile,Staphylococcus aureus,Salmonella enterica,C
Which virus is responsible for causing severe acute respiratory syndrome (SARS)?,Rhinovirus,Respiratory syncytial virus,Coronavirus,Influenza virus,C
Which of the following is the causative agent of syphilis?,Treponema pallidum,Haemophilus influenzae,Chlamydia trachomatis,Neisseria gonorrhoeae,A
Which bacteria is associated with the development of peptic ulcers?,Vibrio cholerae,Salmonella enterica,Campylobacter jejuni,Helicobacter pylori,D
Which virus is responsible for causing genital warts?,Hepatitis B virus,Human papillomavirus,Herpes simplex virus,Varicella-zoster virus,B
Which of the following is NOT a characteristic of gram-negative bacteria?,Lipopolysaccharide layer,Outer membrane,Thin peptidoglycan cell wall,Thick peptidoglycan cell wall,D
Which organism is responsible for causing toxoplasmosis?,Leishmania donovani,Toxoplasma gondii,Trypanosoma cruzi,Plasmodium falciparum,B
What is the causative agent of tuberculosis?,Salmonella enterica,Staphylococcus aureus,Escherichia coli,Mycobacterium tuberculosis,D
Which microorganism is responsible for causing dental caries?,Staphylococcus epidermidis,Haemophilus influenzae,Streptococcus mutans,Pseudomonas aeruginosa,C
What is the primary mode of transmission for the human immunodeficiency virus (HIV)?,Sexual contact,Vertical transmission (mother to child),Blood transfusion,Inhalation of respiratory droplets,A
Which organism is responsible for causing urinary tract infections (UTIs)?,Staphylococcus aureus,Streptococcus pneumoniae,Candida albicans,Escherichia coli,D
Which bacterium is commonly associated with peptic ulcers?,Streptococcus pyogenes,Pseudomonas aeruginosa,Neisseria meningitidis,Helicobacter pylori,D
What is the causative agent of cholera?,Clostridium difficile,Vibrio cholerae,Salmonella enterica,Shigella flexneri,B
Which microorganism is responsible for causing Lyme disease?,Legionella pneumophila,Mycobacterium leprae,Borrelia burgdorferi,Chlamydia trachomatis,C
What is the primary vector for transmitting malaria?,Culex mosquito,Phlebotomine sandfly,Aedes mosquito,Anopheles mosquito,D
Which virus is the causative agent of hepatitis A?,Hepatitis A virus,Hepatitis D virus,Hepatitis C virus,Hepatitis B virus,A
Which microorganism is associated with food poisoning from contaminated poultry and eggs?,Staphylococcus aureus,O157:H7,Escherichia coli,Salmonella enteritidis,D
What is the causative agent of syphilis?,Chlamydia trachomatis,Treponema pallidum,Herpes simplex virus,Neisseria gonorrhoeae,B
Which bacterium is responsible for causing pneumonia in immunocompromised individuals?,Streptococcus pneumoniae,Mycobacterium tuberculosis,Pneumocystis jirovecii,Legionella pneumophila,C
What is the primary mode of transmission for the influenza virus?,Sexual contact,Inhalation of respiratory droplets,Ingestion of contaminated food,Direct contact with contaminated surfaces,B
Which microorganism is commonly associated with nosocomial infections?,Escherichia coli,Streptococcus pyogenes,Staphylococcus aureus,Mycobacterium leprae,C
What is the causative agent of candidiasis (yeast infection)?,Microsporum canis,Candida albicans,Aspergillus fumigatus,Trichophyton rubrum,B
Which virus is responsible for causing chickenpox and shingles?,Epstein-Barr virus,Measles virus,Varicella-zoster virus,Human papillomavirus,C
Which bacterium is commonly associated with urinary tract infections in sexually active females?,Pseudomonas aeruginosa,Streptococcus pneumoniae,Escherichia coli,Staphylococcus aureus,C
What is the primary mode of transmission for the human papillomavirus (HPV)?,Blood transfusion,Sexual contact,Vertical transmission (mother to child),Inhalation of respiratory droplets,B
Which microorganism is responsible for causing meningitis in neonates?,Neisseria meningitidis,Group B Streptococcus,Haemophilus influenzae type B,Streptococcus pneumoniae,B
What is the causative agent of tuberculosis?,Mycobacterium tuberculosis,Escherichia coli,Salmonella enterica,Staphylococcus aureus,A
Identify the causative agent responsible for malaria.,Trichomonas vaginalis,Toxoplasma gondii,Entamoeba histolytica,Plasmodium falciparum,D
Name the parasite that causes amoebic dysentery.,Plasmodium falciparum,Giardia lamblia,Trichomonas vaginalis,Entamoeba histolytica,D
Specify the parasite that causes African sleeping sickness.,Plasmodium falciparum,Toxoplasma gondii,Leishmania donovani,Trypanosoma brucei,D
What organism is responsible for trichomoniasis?,Trichomonas vaginalis,Entamoeba histolytica,Toxoplasma gondii,Plasmodium falciparum,A
Identify the parasite associated with Chagas disease.,Leishmania donovani,Trypanosoma cruzi,Giardia lamblia,Plasmodium falciparum,B
Which vector primarily transmits Trypanosoma cruzi?,Sandflies,Mosquitoes,Ticks,Triatomine bugs (kissing bugs),D
What parasite causes giardiasis?,Entamoeba histolytica,Plasmodium falciparum,Trichomonas vaginalis,Giardia lamblia,D
What is the causative agent of leishmaniasis?,Entamoeba histolytica,Plasmodium falciparum,Leishmania donovani,Toxoplasma gondii,C
Identify the parasite responsible for schistosomiasis.,Toxoplasma gondii,Plasmodium falciparum,Schistosoma spp.,Entamoeba histolytica,C
How is Schistosoma spp. primarily transmitted?,Inhalation of respiratory droplets,Vector-borne transmission,Through contact with contaminated freshwater,Sexual transmission,C
What parasite causes toxoplasmosis?,Entamoeba histolytica,Trichomonas vaginalis,Plasmodium falciparum,Toxoplasma gondii,D
Specify the causative agent of lymphatic filariasis.,Entamoeba histolytica,Toxoplasma gondii,Wuchereria bancrofti,Plasmodium falciparum,C
Identify the parasite responsible for trichuriasis (whipworm infection).,Entamoeba histolytica,Plasmodium falciparum,Trichuris trichiura,Toxoplasma gondii,C
How is Trichuris trichiura primarily transmitted?,Direct contact,Through ingestion of contaminated food and water,Vector-borne transmission,Sexual transmission,B
What parasite causes visceral leishmaniasis (kala-azar)?,Toxoplasma gondii,Entamoeba histolytica,Plasmodium falciparum,Leishmania donovani,D
Specify the causative agent of African trypanosomiasis (sleeping sickness).,Trypanosoma brucei,Toxoplasma gondii,Plasmodium falciparum,Entamoeba histolytica,A
Name the parasites responsible for hookworm infection.,Entamoeba histolytica,Toxoplasma gondii,Ancylostoma duodenale and Necator americanus,Plasmodium falciparum,C
How are Ancylostoma duodenale and Necator americanus primarily transmitted?,Direct contact,Vector-borne transmission,Ingestion of contaminated food and water,Through skin penetration by larvae,D
Identify the parasite responsible for amoebic liver abscess.,Plasmodium falciparum,Entamoeba histolytica,Toxoplasma gondii,Trichomonas vaginalis,B
Which bacterium is responsible for causing tuberculosis?,Staphylococcus aureus,Mycobacterium tuberculosis,Salmonella typhi,Escherichia coli,B
Name the bacterium that causes urinary tract infections.,Staphylococcus aureus,Escherichia coli,Pseudomonas aeruginosa,Streptococcus pyogenes,B
What is the causative agent of pneumonia?,Klebsiella pneumoniae,Escherichia coli,Staphylococcus aureus,Streptococcus pneumoniae,D
Which bacterium is associated with food poisoning?,Helicobacter pylori,Escherichia coli,Salmonella enterica,Staphylococcus aureus,C
Name the bacterium responsible for causing gonorrhea.,Escherichia coli,Staphylococcus aureus,Neisseria gonorrhoeae,Streptococcus pyogenes,C
What bacterium is commonly responsible for causing skin infections?,Pseudomonas aeruginosa,Escherichia coli,Streptococcus pneumoniae,Staphylococcus aureus,D
Which bacterium is associated with causing dental caries (tooth decay)?,Streptococcus mutans,Haemophilus influenzae,Staphylococcus aureus,Escherichia coli,A
Name the bacterium responsible for causing Lyme disease.,Streptococcus pyogenes,Escherichia coli,Staphylococcus aureus,Borrelia burgdorferi,D
What is the causative agent of syphilis?,Streptococcus pneumoniae,Escherichia coli,Staphylococcus aureus,Treponema pallidum,D
Which bacterium is commonly associated with causing urinary tract stones (struvite stones)?,Staphylococcus aureus,Escherichia coli,Proteus mirabilis,Enterococcus faecalis,C
Name the bacterium responsible for causing diphtheria.,Staphylococcus aureus,Escherichia coli,Corynebacterium diphtheriae,Streptococcus pyogenes,C
What bacterium is commonly associated with causing peptic ulcers?,Escherichia coli,Staphylococcus aureus,Helicobacter pylori,Streptococcus pneumoniae,C
Which bacterium is responsible for causing meningitis in neonates?,Group B Streptococcus (Streptococcus agalactiae),Staphylococcus aureus,Streptococcus pyogenes,Escherichia coli,A
Name the bacterium commonly associated with causing wound infections.,Escherichia coli,Staphylococcus aureus,Streptococcus pneumoniae,Pseudomonas aeruginosa,B
What is the causative agent of tetanus?,Escherichia coli,Streptococcus pyogenes,Staphylococcus aureus,Clostridium tetani,D
Which bacterium is commonly associated with causing Legionnaires' disease?,Legionella pneumophila,Staphylococcus aureus,Streptococcus pneumoniae,Escherichia coli,A
Name the bacterium responsible for causing whooping cough.,Bordetella pertussis,Streptococcus pyogenes,Escherichia coli,Staphylococcus aureus,A
What bacterium is commonly associated with causing dental abscesses?,Streptococcus intermedius,Streptococcus pneumoniae,Escherichia coli,Staphylococcus aureus,D
Which bacterium is responsible for causing leprosy?,Streptococcus pyogenes,Mycobacterium leprae,Escherichia coli,Staphylococcus aureus,B
Name the bacterium commonly associated with causing pneumonia in cystic fibrosis patients.,Staphylococcus aureus,Streptococcus pneumoniae,Escherichia coli,Pseudomonas aeruginosa,D
Which microorganism is responsible for causing candidiasis (yeast infection)?,Aspergillus fumigatus,Candida albicans,Escherichia coli,Staphylococcus aureus,B
Name the microorganism commonly associated with causing urinary tract infections in catheterized patients.,Staphylococcus aureus,Streptococcus pyogenes,Pseudomonas aeruginosa,Escherichia coli,D
What is the causative agent of infectious mononucleosis (glandular fever)?,Epstein-Barr virus (EBV),Streptococcus pneumoniae,Escherichia coli,Staphylococcus aureus,A
Which microorganism is commonly associated with causing pneumonia in patients with cystic fibrosis?,Escherichia coli,Staphylococcus aureus,Pseudomonas aeruginosa,Streptococcus pneumoniae,C
Name the microorganism responsible for causing sexually transmitted infection (STI) syphilis.,Staphylococcus aureus,Escherichia coli,Streptococcus pneumoniae,Treponema pallidum,D
What microorganism is commonly associated with causing food poisoning from contaminated poultry?,Staphylococcus aureus,Salmonella enterica,Clostridium difficile,Escherichia coli,B
Which microorganism is responsible for causing Lyme disease?,Staphylococcus aureus,Streptococcus pyogenes,Escherichia coli,Borrelia burgdorferi,D
Name the microorganism commonly associated with causing gastroenteritis.,Streptococcus pneumoniae,Staphylococcus aureus,Norovirus,Escherichia coli,C
What is the causative agent of tuberculosis?,Mycobacterium tuberculosis,Staphylococcus aureus,Escherichia coli,Salmonella typhi,A
Which microorganism is commonly associated with causing meningitis in neonates?,Escherichia coli,Staphylococcus aureus,Streptococcus pyogenes,Group B Streptococcus (Streptococcus agalactiae),D
Name the microorganism responsible for causing healthcare-associated pneumonia.,Staphylococcus aureus,Klebsiella pneumoniae,Escherichia coli,Acinetobacter baumannii,A
What microorganism is commonly associated with causing dental caries (tooth decay)?,Streptococcus mutans,Escherichia coli,Haemophilus influenzae,Staphylococcus aureus,A
Which microorganism is responsible for causing Legionnaires' disease?,Staphylococcus aureus,Legionella pneumophila,Streptococcus pneumoniae,Escherichia coli,B
Name the microorganism commonly associated with causing urinary tract infections in sexually active women.,Staphylococcus aureus,Streptococcus pyogenes,Neisseria gonorrhoeae,Escherichia coli,D
What is the causative agent of malaria?,Escherichia coli,Plasmodium spp.,Staphylococcus aureus,Streptococcus pneumoniae,B
Which microorganism is commonly associated with causing dental abscesses?,Staphylococcus aureus,Escherichia coli,Streptococcus pneumoniae,Streptococcus intermedius,A
Name the microorganism responsible for causing whooping cough.,Streptococcus pyogenes,Staphylococcus aureus,Bordetella pertussis,Escherichia coli,C
What microorganism is commonly associated with causing infectious diarrhea in children?,Rotavirus,Staphylococcus aureus,Salmonella enterica,Escherichia coli,A
Which microorganism is responsible for causing candidiasis (oral thrush)?,Aspergillus fumigatus,Escherichia coli,Candida albicans,Staphylococcus aureus,C
Name the microorganism commonly associated with causing pneumonia in elderly individuals.,Staphylococcus aureus,Escherichia coli,Streptococcus pneumoniae,Klebsiella pneumoniae,C
What is the primary mode of transmission for the influenza virus?,Vector-borne,Respiratory droplets,Foodborne,Direct contact,B
Name the most effective way to prevent the spread of healthcare-associated infections.,Vaccination,Hand hygiene,Antibiotic prophylaxis,Isolation precautions,B
What is the recommended duration for surgical hand scrubbing?,At least 1 minute,At least 30 seconds,At least 2 minutes,At least 5 minutes,C
Which of the following is an example of a standard precaution in infection control?,Wearing gloves,Cleaning surfaces with disinfectant,Administering antibiotics,Using a sterile dressing,A
What is the term used to describe the process of killing or eliminating all microorganisms on a surface or object?,Sterilization,Decontamination,Isolation,Disinfection,D
Name the organization responsible for developing guidelines and recommendations for infection control practices in healthcare settings.,Centers for Disease Control and Prevention (CDC),Occupational Safety and Health Administration (OSHA),Food and Drug Administration (FDA),World Health Organization (WHO),A
What is the recommended minimum alcohol concentration for effective hand sanitizers?,90%,45%,30%,60%,D
Which of the following is an example of a healthcare-associated infection?,Tuberculosis,Surgical site infection,Common cold,Seasonal flu,B
Name the practice that aims to reduce the risk of transmission of infectious diseases from healthcare providers to patients.,Source control,Respiratory hygiene,Aseptic technique,Universal precautions,C
Which of the following is an example of a transmission-based precaution in infection control?,Contact precautions,Airborne precautions,Droplet precautions,All of the above,B
Name the process of physically separating patients with certain infectious diseases to prevent the spread of infection.,Quarantine,Isolation,Segregation,Exclusion,B
What is the recommended duration for hand hygiene using an alcohol-based hand sanitizer?,At least 30 seconds,At least 20 seconds,At least 5 seconds,At least 10 seconds,B
Which of the following is an example of personal protective equipment (PPE) used in infection control?,Gauze pads,Hemostats,Surgical scissors,Gloves,D
Name the system used to classify and categorize infectious agents based on their risk of causing disease in humans.,Standard precautions,Chain of infection,Infection prevention bundle,Biosafety level (BSL),D
What is the primary mode of transmission for the human immunodeficiency virus (HIV)?,Ingestion of contaminated food,Sexual contact,Vector-borne,Bloodborne exposure,B
Which of the following is an example of a healthcare-associated infection prevention measure?,Hand hygiene education for the general public,Isolation of patients with common cold,Immunization campaigns for community,Proper cleaning and disinfection of medical equipment,D
Name the device used to create a physical barrier between healthcare providers and patients during certain medical procedures.,Personal protective equipment (PPE),N95 respirator,Face shield,Surgical mask,A
What is the recommended method for hand drying after handwashing?,Using a hand dryer,Using disposable paper towels,Using a shared cloth towel,Using a clean cloth towel,B
Which of the following is an example of a vaccine-preventable infection?,Tuberculosis,Legionnaires' disease,Measles,Clostridium difficile infection,C
What is the leading cause of infectious diseases in Nigeria?,Tuberculosis,Cholera,HIV/AIDS,Malaria,D
Name the primary mode of transmission for Lassa fever in Nigeria.,Ingestion of contaminated food,Contact with infected rodents,Respiratory droplets,Sexual contact,B
What is the recommended first-line treatment for uncomplicated malaria in Nigeria?,Sulfadoxine-pyrimethamine (SP),Quinine,Chloroquine,Artemisinin-based combination therapy (ACT),D
Which of the following is a major challenge to infection control in Nigerian healthcare facilities?,Low patient volume,Strict adherence to guidelines,High vaccination coverage,Lack of adequate resources,D
Name the mosquito species responsible for transmitting malaria in Nigeria.,Chikungunya mosquitoes,Culex mosquitoes,Anopheles mosquitoes,Aedes mosquitoes,C
What is the recommended vaccination schedule for infants in Nigeria?,African Union (AU) schedule,United Nations (UN) schedule,National Programme on Immunization (NPI) schedule,World Health Organization (WHO) schedule,C
Which of the following is an effective method for preventing the spread of cholera in Nigerian communities?,Access to clean water and sanitation facilities,Mass administration of antibiotics,Use of insecticide-treated bed nets,Isolation of infected individuals,A
Name the government agency responsible for overseeing public health in Nigeria.,National Primary Health Care Development Agency (NPHCDA),Nigeria Centre for Disease Control (NCDC),National Agency for Food and Drug Administration and Control (NAFDAC),Federal Ministry of Health (FMOH),A
What is the recommended age for the administration of the measles vaccine in Nigeria?,6 weeks,9 months,2 years,1 year,B
Which of the following is a common practice for preventing the spread of infectious diseases in Nigerian households?,Food sharing among family members,Wearing face masks,Proper hand hygiene,Open defecation,C
Name the infection control measure that is crucial for preventing the transmission of Ebola virus in Nigeria.,Strict adherence to standard precautions,Isolation of infected individuals,Use of personal protective equipment (PPE),Disinfection of contaminated surfaces,A
Which of the following is a common vaccine-preventable disease in Nigeria?,Dengue fever,Typhoid fever,Polio,Yellow fever,C
What is the recommended duration for handwashing with soap and water in Nigerian healthcare settings?,At least 5 seconds,At least 2 minutes,At least 40-60 seconds,At least 10-20 seconds,C
Which of the following is a common vector-borne disease in Nigeria?,Malaria,Dengue fever,Tuberculosis,Cholera,A
Name the traditional cultural practice in Nigeria that may contribute to the spread of infectious diseases.,Female genital mutilation/cutting (FGM/C),Polygamy,Exclusive breastfeeding,Traditional herbal medicine,A
What is the recommended method for storing vaccines in Nigerian healthcare facilities?,Storing at room temperature,Avoiding refrigeration to prevent damage,Maintaining a cold chain system with appropriate temperature monitoring,Freezing at -20°C,C
Which of the following is a common healthcare-associated infection prevention strategy in Nigerian hospitals?,Regular fumigation of hospital wards,Infection prevention and control training for healthcare workers,Universal masking,Visitor restrictions,B
Name the zoonotic disease commonly found in Nigeria that is transmitted through the bites of infected ticks.,Rift Valley fever,Crimean-Congo hemorrhagic fever (CCHF),Avian influenza (bird flu),Brucellosis,B
Which disease is the leading cause of death in Nigeria?,HIV/AIDS,Malaria,Tuberculosis,Cholera,B
What is the recommended method for preventing the spread of HIV in Nigeria?,Correct and consistent use of condoms,Regular handwashing,Proper food hygiene,Isolation of infected individuals,A
Which of the following is a common vaccine-preventable disease in Nigeria?,Yellow fever,Typhoid fever,Polio,Dengue fever,C
Name the infection control measure that is crucial for preventing the transmission of tuberculosis in Nigeria.,Universal masking,Hand hygiene,Respiratory hygiene and cough etiquette,Proper food handling,C
What is the recommended method for safe disposal of used needles and sharps in Nigerian healthcare facilities?,Throwing them in regular trash bins,Placing them in puncture-proof sharps containers,Burning them in an open fire,Flushing them down the toilet,B
Which of the following is an effective method for preventing the spread of cholera in Nigerian communities?,Mass administration of antibiotics,Use of insecticide-treated bed nets,Isolation of infected individuals,Access to clean water and sanitation facilities,D
Name the government agency responsible for overseeing public health in Nigeria.,National Primary Health Care Development Agency (NPHCDA),National Agency for the Control of AIDS (NACA),Federal Ministry of Health (FMOH),Nigeria Centre for Disease Control (NCDC),D
What is the recommended age for the administration of the measles vaccine in Nigeria?,2 years,1 year,6 weeks,9 months,D
Which of the following is a common practice for preventing the spread of infectious diseases in Nigerian households?,Open defecation,Food sharing among family members,Proper hand hygiene,Wearing face masks,C
Name the infection control measure that is crucial for preventing the transmission of Ebola virus in Nigeria.,Disinfection of contaminated surfaces,Isolation of infected individuals,Use of personal protective equipment (PPE),Strict adherence to standard precautions,D
Which of the following is a common vaccine-preventable disease in Nigeria?,Dengue fever,Pneumococcal disease,Cholera,Tuberculosis,B
What is the recommended duration for handwashing with soap and water in Nigerian healthcare settings?,At least 2 minutes,At least 40-60 seconds,At least 10-20 seconds,At least 5 seconds,B
Which of the following is a common vector-borne disease in Nigeria?,Malaria,Tuberculosis,Dengue fever,Cholera,A
Name the traditional cultural practice in Nigeria that may contribute to the spread of infectious diseases.,Female genital mutilation/cutting (FGM/C),Exclusive breastfeeding,Polygamy,Traditional herbal medicine,A
What is the recommended method for storing vaccines in Nigerian healthcare facilities?,Storing at room temperature,Freezing at -20°C,Avoiding refrigeration to prevent damage,Maintaining a cold chain system with appropriate temperature monitoring,D
Which of the following is a common healthcare-associated infection prevention strategy in Nigerian hospitals?,Universal masking,Infection prevention and control training for healthcare workers,Visitor restrictions,Regular fumigation of hospital wards,B
Name the zoonotic disease commonly found in Nigeria that is transmitted through the bites of infected tsetse flies.,Rift Valley fever,Avian influenza (bird flu),Brucellosis,Sleeping sickness (African trypanosomiasis),D
What is a zoonotic disease?,A disease that only affects animals,A disease caused by bacteria,A disease caused by a virus,A disease that can be transmitted from animals to humans,D
Which of the following is an example of a zoonotic disease?,Diabetes,Rabies,Acne,Hypertension,B
What is the primary mode of transmission for zoonotic diseases?,Sexual transmission,Ingestion of contaminated food,Direct contact with infected animals,Inhalation of respiratory droplets,C
Which of the following is a zoonotic disease transmitted by rodents?,HIV/AIDS,Hantavirus pulmonary syndrome,Influenza,Ebola,B
Name the zoonotic disease caused by a bacterium that is commonly transmitted through contaminated food and water.,Salmonellosis,Influenza,Tuberculosis,Leptospirosis,A
Which of the following is a zoonotic disease transmitted through the bites of infected fleas?,Plague,Malaria,Hepatitis B,HIV/AIDS,A
Name the zoonotic disease caused by a virus that is primarily transmitted through the bite of infected ticks.,Dengue fever,Rabies,Lyme disease,West Nile fever,C
What is the term for diseases that can be transmitted between animals and humans?,Vector-borne diseases,Autoimmune diseases,Anthroponotic diseases,Zoonotic diseases,D
Which of the following is a zoonotic disease commonly transmitted through the consumption of undercooked meat?,Toxoplasmosis,Cholera,Malaria,Tuberculosis,A
Name the zoonotic disease caused by a bacterium commonly found in domestic animals and transmitted to humans through contact with animal urine.,Salmonellosis,Ebola,Leptospirosis,Hantavirus pulmonary syndrome,C
What is the recommended method for preventing zoonotic diseases transmitted by mosquitoes?,Eliminating mosquito breeding sites,Using insect repellent,All of the above,Using bed nets,B
Which of the following is a zoonotic disease commonly transmitted through the bite of infected ticks?,SARS-CoV-2,Influenza,Rabies,Lyme disease,D
Name the zoonotic disease caused by a virus that is primarily transmitted through contact with infected camels.,Lyme disease,Avian influenza (bird flu),Hantavirus pulmonary syndrome,Middle East respiratory syndrome (MERS),D
What is the term for diseases that can be transmitted from humans to animals?,Vector-borne diseases,Reverse zoonoses,Anthroponotic diseases,Zoonotic diseases,C
Which of the following is a zoonotic disease transmitted through the consumption of contaminated water or food?,Cryptosporidiosis,HIV/AIDS,Chikungunya,West Nile fever,A
Name the zoonotic disease caused by a parasite commonly found in cats and transmitted to humans through contact with cat feces.,Leptospirosis,Salmonellosis,Ebola,Toxoplasmosis,D
Which of the following is a zoonotic disease transmitted through the bites of infected mosquitoes?,Zika virus infection,Hepatitis C,Influenza,Rotavirus infection,A
What is the primary causative agent of tuberculosis?,Streptococcus pneumoniae,Mycobacterium tuberculosis,Escherichia coli,Mycobacterium leprae,B
Which of the following is associated with the production of exotoxins?,Salmonella enterica,Clostridium difficile,Staphylococcus aureus,Haemophilus influenzae,C
Name the fungal pathogen responsible for causing histoplasmosis.,Candida albicans,Histoplasma capsulatum,Aspergillus fumigatus,Pneumocystis jirovecii,B
What is the main mode of transmission of hepatitis A?,Sexual transmission,Fecal-oral route,Aerosol transmission,Blood transfusion,B
Which of the following is a characteristic feature of Chlamydia trachomatis infection?,Production of exotoxins,Invasion of host tissues,Obligate intracellular growth,Formation of biofilms,C
Name the protozoan parasite responsible for causing malaria.,Entamoeba histolytica,Toxoplasma gondii,Plasmodium falciparum,Giardia lamblia,C
What is the primary causative agent of Lyme disease?,Leptospira interrogans,Neisseria gonorrhoeae,Borrelia burgdorferi,Treponema pallidum,C
Which of the following is associated with the production of endotoxins?,Escherichia coli,Serratia marcescens,Staphylococcus aureus,Streptococcus pyogenes,A
Name the virus responsible for causing acquired immunodeficiency syndrome (AIDS).,Influenza virus,Herpes simplex virus,Varicella-zoster virus,Human immunodeficiency virus (HIV),D
What is the primary causative agent of cholera?,Salmonella enterica,Vibrio cholerae,Yersinia pestis,Shigella flexneri,B
Which of the following is a characteristic feature of Clostridium tetani infection?,Production of exotoxins,Invasion of host tissues,Formation of biofilms,Production of tetanospasmin toxin,D
Name the bacterial pathogen responsible for causing diphtheria.,Legionella pneumophila,Corynebacterium diphtheriae,Neisseria meningitidis,Streptococcus pyogenes,B
What is the main mode of transmission of hepatitis B?,Sexual transmission,Parenteral transmission,Blood transfusion,Fecal-oral route,B
Which of the following is a characteristic feature of Mycobacterium leprae infection?,Slow-growing organism,Formation of biofilms,Production of exotoxins,Invasion of host tissues,A
Name the fungus responsible for causing candidiasis (yeast infection).,Aspergillus fumigatus,Candida albicans,Pneumocystis jirovecii,Histoplasma capsulatum,B
What is the primary causative agent of syphilis?,Treponema pallidum,Haemophilus ducreyi,Chlamydia trachomatis,Neisseria gonorrhoeae,A
Which of the following is associated with the production of a heat-labile toxin?,Klebsiella pneumoniae,Staphylococcus aureus,Escherichia coli,Salmonella enterica,C
Name the bacteria responsible for causing Legionnaires' disease.,Pseudomonas aeruginosa,Streptococcus pneumoniae,Legionella pneumophila,Haemophilus influenzae,C
What is the main mode of transmission of hepatitis C?,Aerosol transmission,Sexual transmission,Blood transfusion,Parenteral transmission,D
Which of the following is a characteristic feature of Streptococcus pneumoniae infection?,Obligate intracellular growth,Formation of biofilms,Invasion of host tissues,Production of exotoxins,B
What is the term used to describe infectious diseases that have recently increased in incidence or geographic range?,Emerging infections,Chronic infections,Hereditary infections,Endemic infections,A
Which of the following is an example of an emerging viral infection?,Ebola virus disease,Tuberculosis,Syphilis,Malaria,A
Name the mosquito-borne viral infection that emerged in the Americas in 2015 and is associated with microcephaly in newborns.,Dengue fever,Malaria,Zika virus infection,Chikungunya,C
What is the process by which a pathogen adapts to a new host species?,Drug resistance,Host switching,Vector control,Immunity development,B
Which of the following is an example of a reemerging bacterial infection?,Cholera,Tuberculosis,Leprosy,Influenza,B
Name the respiratory virus that caused a global pandemic in 2009.,H1N1 influenza (swine flu),Ebola virus disease,Hepatitis C,HIV/AIDS,A
What is the term used to describe the return of a previously controlled or eradicated infectious disease?,Hereditary infection,Chronic infection,Reemerging infection,Endemic infection,C
Which of the following is an example of an emerging parasitic infection?,Toxoplasmosis,Chagas disease,Cryptosporidiosis,Malaria,C
Name the bacterial infection caused by an antibiotic-resistant strain of Staphylococcus aureus.,Clostridium difficile infection,Salmonellosis,Lyme disease,Methicillin-resistant Staphylococcus aureus (MRSA),D
What is the primary mode of transmission for emerging zoonotic infections?,Sexual transmission,Direct contact with infected animals,Ingestion of contaminated food,Inhalation of respiratory droplets,B
Which of the following is an example of a reemerging viral infection?,Measles,Dengue fever,West Nile fever,Chikungunya,A
Name the infectious disease caused by the bacterium Mycobacterium tuberculosis that has seen a resurgence in recent years.,Tuberculosis,Influenza,Leprosy,Cholera,A
What is the term used to describe the spread of a disease across multiple countries or continents?,Epidemic,Outbreak,Pandemic,Endemic,C
Which of the following is an example of an emerging fungal infection?,Influenza,Cryptococcosis,HIV/AIDS,Salmonellosis,B
Name the viral infection that emerged in the 1980s and has since become a global pandemic.,Hepatitis C,Ebola virus disease,HIV/AIDS,SARS-CoV-2 (COVID-19),C
What is the primary mode of transmission for reemerging vector-borne infections?,Direct contact with infected individuals,Ingestion of contaminated food,Sexual transmission,Bites of infected vectors,D
Which of the following is an example of an emerging bacterial infection?,Clostridium difficile infection,Salmonellosis,Cholera,Lyme disease,A
Name the viral hemorrhagic fever that emerged in West Africa in 2014 and caused a large outbreak.,Lassa fever,Hantavirus pulmonary syndrome,Yellow fever,Ebola virus disease,D
What is the term used to describe the process of a pathogen becoming resistant to the drugs used to treat it?,Host switching,Immunity development,Antimicrobial resistance,Vector control,C
Which of the following is an example of a reemerging parasitic infection?,Toxoplasmosis,Chagas disease,Cryptosporidiosis,Malaria,D
What is the primary cause of antibiotic resistance?,Overuse and misuse of antibiotics,Environmental pollution,Genetic mutations,Inadequate sanitation practices,A
Which of the following is an example of a Gram-negative bacterium that is known for its high level of antibiotic resistance?,Streptococcus pneumoniae,Mycobacterium tuberculosis,Staphylococcus aureus,Escherichia coli,D
Name the enzyme produced by bacteria that inactivates beta-lactam antibiotics.,DNA polymerase,Beta-lactamase,RNAase,Reverse transcriptase,B
What is the term used to describe bacteria that are resistant to multiple classes of antibiotics?,Extensively drug-resistant bacteria,Broad-spectrum bacteria,Superbugs,Multidrug-resistant bacteria,D
Which of the following is a mechanism of antibiotic resistance that involves the active efflux of antibiotics from bacterial cells?,Plasmid transfer,Efflux pumps,Conjugation,Mutation,B
Name the process by which bacteria transfer antibiotic resistance genes to other bacteria.,Horizontal gene transfer,Vertical gene transfer,Gene duplication,Mutation,A
What is the term used to describe the ability of bacteria to acquire resistance to an antibiotic through spontaneous genetic changes?,Secondary resistance,Acquired resistance,Intrinsic resistance,Primary resistance,C
Which of the following is an example of a Gram-positive bacterium that is known for its high level of antibiotic resistance?,Escherichia coli,Klebsiella pneumoniae,Pseudomonas aeruginosa,Staphylococcus aureus,D
Name the protein targets in bacteria that are commonly affected by antibiotic action.,Reverse transcriptase,Hormone receptors,DNA polymerase,Ribosomes,D
What is the term used to describe the phenomenon where bacteria become resistant to multiple antibiotics simultaneously?,Cross-resistance,Sequential resistance,Co-resistance,Synergistic resistance,A
Which of the following is a mechanism of antibiotic resistance that involves the modification or inactivation of antibiotics by enzymes produced by bacteria?,Decreased permeability,Decreased uptake,Enzymatic inactivation,Target site modification,C
Name the process by which bacteria can acquire antibiotic resistance genes from the environment.,Conjugation,Transduction,Mutation,Transformation,D
What is the term used to describe the use of two or more antibiotics together to treat an infection?,Sequential therapy,Combination therapy,Dual therapy,Monotherapy,B
Which of the following is an example of a mechanism of antibiotic resistance that involves the alteration of target site in bacteria?,Decreased permeability,Decreased uptake,Target site modification,Enzymatic inactivation,C
Name the plasmids that carry antibiotic resistance genes and can be transferred between bacteria.,Transposons,Resistance genes,R-plasmids,Conjugative plasmids,C
What is the term used to describe the process of bacteria becoming resistant to antibiotics that they were previously susceptible to?,Secondary resistance,Mutational resistance,Acquired resistance,Antibiotic resistance evolution,D
Which of the following is a mechanism of antibiotic resistance that involves a decrease in the ability of bacteria to take up antibiotics?,Decreased uptake,Decreased permeability,Enzymatic inactivation,Target site modification,A
Name the protein produced by bacteria that can modify the target site of antibiotics and prevent their binding.,Altered permease,Reverse transcriptase,Beta-lactamase,Modified target protein,D
What is the term used to describe the ability of bacteria to survive in the presence of antibiotics?,Antibiotic resistance,Antibiotic tolerance,Antibiotic susceptibility,Antibiotic sensitivity,B
Which of the following is an example of a mechanism of antibiotic resistance that involves a decrease in the permeability of bacterial cell membranes?,Target site modification,Enzymatic inactivation,Decreased permeability,Decreased uptake,C
What is the study of the distribution and determinants of health-related states or events in specified populations called?,Immunology,Pathology,Pharmacology,Epidemiology,D
Which of the following is an example of a communicable disease?,Heart disease,Diabetes,Cancer,Influenza,D
Name the statistical measure that represents the number of new cases of a disease in a population at risk over a specified period of time.,Prevalence rate,Morbidity rate,Incidence rate,Mortality rate,C
What is the term used to describe the number of deaths in a population due to a specific cause over a specified period of time?,Morbidity rate,Mortality rate,Prevalence rate,Incidence rate,B
Which of the following is an example of a non-communicable disease?,Influenza,Diabetes,HIV/AIDS,Tuberculosis,B
Name the study design that compares individuals with a specific health condition to individuals without the condition to identify potential risk factors.,Cohort study,Cross-sectional study,Randomized controlled trial,Case-control study,D
What is the term used to describe the proportion of individuals with a specific health condition in a population at a given point in time?,Incidence rate,Mortality rate,Morbidity rate,Prevalence rate,D
Which of the following is an example of a vector-borne disease?,Malaria,Diabetes,Hepatitis C,Tuberculosis,A
Name the study design that follows a group of individuals over time to identify potential risk factors and outcomes.,Cross-sectional study,Cohort study,Case-control study,Randomized controlled trial,B
Which of the following is an example of a zoonotic disease?,Malaria,Rabies,HIV/AIDS,Dengue fever,B
Name the statistical measure that represents the total number of individuals with a specific health condition in a population at a given point in time.,Mortality rate,Incidence rate,Morbidity rate,Prevalence rate,D
What is the term used to describe the occurrence of more cases of a disease than expected in a given area or population?,Endemic,Epidemic,Outbreak,Pandemic,C
Which of the following is an example of a vaccine-preventable disease?,Lung cancer,Measles,Alzheimer's disease,Hypertension,B
Name the study design that collects data from a population at a specific point in time to estimate the prevalence of a health condition.,Randomized controlled trial,Case-control study,Cross-sectional study,Cohort study,C
What is the term used to describe the number of individuals who have a specific health condition relative to the total population at risk?,Incidence rate,Mortality rate,Attack rate,Prevalence rate,C
Which of the following is an example of a sexually transmitted infection?,Diabetes,Malaria,Tuberculosis,HIV/AIDS,D
Name the study design that randomly assigns individuals to different interventions or control groups to evaluate the effectiveness of a treatment or preventive measure.,Cross-sectional study,Case-control study,Cohort study,Randomized controlled trial,D
What is the term used to describe the spread of a disease over a wide geographic area?,Outbreak,Pandemic,Epidemic,Endemic,B
Which of the following is an example of a chronic disease?,Influenza,Dengue fever,Diabetes,Cholera,C
