What is the study of how drugs affect the body and how the body affects drugs?,Pharmacodynamics,Pharmaceutics,Pharmacokinetics,Pharmacology,D
Which of the following is an example of a prodrug?,Lisinopril,Codeine,Morphine,Diazepam,D
Name the enzyme responsible for metabolizing many drugs in the liver.,Acetylcholinesterase,Squalene synthase,Monoamine oxidase,Cytochrome P450,D
What is the term used to describe the study of how drugs are administered to achieve therapeutic effects?,Pharmacokinetics,Pharmacogenetics,Pharmacodynamics,Pharmaceutics,D
Which of the following is an example of a drug that acts as an antagonist?,Atropine,Naloxone,Warfarin,Albuterol,B
Name the term used to describe the minimum effective concentration of a drug required to produce a therapeutic effect.,Therapeutic index,Half-life,Minimum toxic concentration,Minimum effective dose,D
What is the term used to describe the study of how drugs interact with specific drug receptors to produce a pharmacological response?,Pharmacogenetics,Pharmacodynamics,Pharmacokinetics,Pharmaceutics,B
Which of the following is an example of a drug that acts as an agonist?,Naloxone,Morphine,Atropine,Diazepam,B
Name the term used to describe the ratio of the median lethal dose to the median effective dose of a drug.,Half-life,Bioavailability,Therapeutic index,Minimum toxic concentration,C
Which of the following is an example of a drug that undergoes extensive first-pass metabolism?,Lisinopril,Morphine,Warfarin,Codeine,D
Name the term used to describe the time required for the concentration of a drug in the body to decrease by half.,Minimum toxic concentration,Bioavailability,Therapeutic index,Half-life,D
What is the term used to describe the fraction of an administered dose of a drug that reaches the systemic circulation?,Minimum effective dose,Minimum toxic concentration,Bioavailability,Half-life,C
Which of the following is an example of a drug that exhibits zero-order kinetics?,Acetaminophen,Diazepam,Phenytoin,Aspirin,C
Name the term used to describe the process by which drugs are transported from the site of administration to the systemic circulation.,Excretion,Distribution,Absorption,Metabolism,C
What is the term used to describe the study of how genetic factors influence an individual's response to drugs?,Pharmaceutics,Pharmacodynamics,Pharmacogenetics,Pharmacokinetics,C
Which of the following is an example of a drug that undergoes enterohepatic circulation?,Estradiol,Aspirin,Lisinopril,Amoxicillin,A
Name the term used to describe the process by which drugs are eliminated from the body.,Excretion,Metabolism,Distribution,Elimination,A
What is the term used to describe the fraction of an administered dose of a drug that reaches the target site and produces a pharmacological effect?,Minimum effective dose,Half-life,Minimum toxic concentration,Bioavailability,D
Which of the following is an example of a drug that exhibits dose-dependent pharmacokinetics?,Diazepam,Morphine,Warfarin,Codeine,C
What is the term used to describe the process by which a drug moves from its site of administration into the bloodstream?,Excretion,Absorption,Distribution,Metabolism,B
Which of the following factors can affect the bioavailability of a drug?,First-pass metabolism,Protein binding,P-glycoprotein efflux,All of the above,D
Name the term used to describe the fraction of an administered dose of a drug that reaches the systemic circulation unchanged.,Bioavailability,Half-life,Clearance,Volume of distribution,A
What is the term used to describe the volume of fluid from which a drug is removed per unit of time?,Half-life,Volume of distribution,Clearance,Bioavailability,C
Which of the following is an example of a drug that exhibits high protein binding?,Morphine,Warfarin,Acetaminophen,Lisinopril,B
Name the term used to describe the apparent volume in which a drug is distributed in the body relative to its concentration in plasma.,Pharmacokinetics,Volume of distribution,Bioavailability,Half-life,B
What is the term used to describe the fraction of an administered dose of a drug that reaches the target site and produces a pharmacological effect?,Half-life,Minimum toxic concentration,Bioavailability,Minimum effective dose,C
Which of the following is an example of a drug that exhibits saturable elimination?,Phenytoin,Diazepam,Aspirin,Acetaminophen,A
Name the term used to describe the time required for the concentration of a drug in the body to decrease by half.,Therapeutic index,Bioavailability,Half-life,Minimum toxic concentration,C
What is the term used to describe the process by which a drug is converted into one or more metabolites by enzymes in the body?,Metabolism,Absorption,Distribution,Excretion,A
Which of the following factors can affect the volume of distribution of a drug?,Plasma protein levels,Body weight,Body composition,All of the above,D
Name the enzyme responsible for metabolizing many drugs in the liver.,Cytochrome P450,Monoamine oxidase,Squalene synthase,Acetylcholinesterase,A
What is the term used to describe the apparent volume of plasma from which a drug is removed per unit of time?,Bioavailability,Volume of distribution,Clearance,Half-life,C
Which of the following is an example of a drug that exhibits zero-order kinetics?,Acetaminophen,Diazepam,Phenytoin,Aspirin,C
Name the term used to describe the process by which a drug is eliminated from the body.,Metabolism,Elimination,Excretion,Distribution,C
What is the term used to describe the fraction of an administered dose of a drug that is excreted unchanged in the urine?,Volume of distribution,Renal clearance,Bioavailability,Half-life,B
Which of the following is an example of a drug that undergoes enterohepatic circulation?,Lisinopril,Estradiol,Aspirin,Amoxicillin,B
Name the term used to describe the process by which a drug is distributed throughout the body.,Distribution,Metabolism,Excretion,Absorption,A
What is the term used to describe the fraction of an administered dose of a drug that reaches the systemic circulation?,Minimum effective dose,Bioavailability,Minimum toxic concentration,Half-life,B
Which of the following is an example of a drug that exhibits dose-dependent pharmacokinetics?,Warfarin,Codeine,Diazepam,Morphine,A
What is the term used to describe the fraction of an administered dose of a drug that reaches the systemic circulation unchanged?,Half-life,Bioavailability,Clearance,Volume of distribution,B
Which of the following factors can affect the bioavailability of a drug?,Protein binding,P-glycoprotein efflux,First-pass metabolism,All of the above,D
Name the term used to describe the apparent volume in which a drug is distributed in the body relative to its concentration in plasma.,Half-life,Bioavailability,Pharmacokinetics,Volume of distribution,D
What is the term used to describe the volume of fluid from which a drug is removed per unit of time?,Bioavailability,Clearance,Volume of distribution,Half-life,B
Which of the following is an example of a drug that exhibits high protein binding?,Morphine,Warfarin,Lisinopril,Acetaminophen,B
Name the term used to describe the apparent volume of plasma from which a drug is removed per unit of time?,Bioavailability,Half-life,Clearance,Volume of distribution,C
What is the term used to describe the process by which a drug is converted into one or more metabolites by enzymes in the body?,Excretion,Distribution,Metabolism,Absorption,C
Which of the following factors can affect the volume of distribution of a drug?,All of the above,Plasma protein levels,Body composition,Body weight,A
Name the enzyme responsible for metabolizing many drugs in the liver.,Monoamine oxidase,Cytochrome P450,Acetylcholinesterase,Squalene synthase,B
What is the term used to describe the apparent volume of plasma from which a drug is removed per unit of time?,Volume of distribution,Clearance,Bioavailability,Half-life,B
Which of the following is an example of a drug that exhibits saturable elimination?,Diazepam,Acetaminophen,Phenytoin,Aspirin,C
Name the term used to describe the time required for the concentration of a drug in the body to decrease by half.,Half-life,Therapeutic index,Minimum toxic concentration,Bioavailability,A
What is the term used to describe the process by which a drug is eliminated from the body?,Metabolism,Elimination,Excretion,Distribution,C
Which of the following is an example of a drug that exhibits zero-order kinetics?,Acetaminophen,Diazepam,Phenytoin,Aspirin,C
Name the term used to describe the process by which a drug is distributed throughout the body.,Excretion,Absorption,Metabolism,Distribution,D
What is the term used to describe the fraction of an administered dose of a drug that is excreted unchanged in the urine?,Volume of distribution,Half-life,Bioavailability,Renal clearance,D
Which of the following is an example of a drug that undergoes enterohepatic circulation?,Aspirin,Estradiol,Lisinopril,Amoxicillin,B
Name the term used to describe the process by which a drug is distributed throughout the body.,Absorption,Distribution,Metabolism,Excretion,B
What is the term used to describe the fraction of an administered dose of a drug that reaches the systemic circulation?,Bioavailability,Minimum effective dose,Minimum toxic concentration,Half-life,A
Which of the following is an example of a drug that exhibits dose-dependent pharmacokinetics?,Diazepam,Codeine,Morphine,Warfarin,D
What is the term used to describe the fraction of an administered dose of a drug that reaches the systemic circulation unchanged?,Half-life,Bioavailability,Volume of distribution,Clearance,B
Which of the following factors can affect the bioavailability of a drug?,All of the above,Protein binding,P-glycoprotein efflux,First-pass metabolism,A
Name the term used to describe the apparent volume in which a drug is distributed in the body relative to its concentration in plasma.,Half-life,Bioavailability,Volume of distribution,Pharmacokinetics,C
What is the term used to describe the volume of fluid from which a drug is removed per unit of time?,Volume of distribution,Half-life,Bioavailability,Clearance,D
Which of the following is an example of a drug that exhibits high protein binding?,Morphine,Warfarin,Lisinopril,Acetaminophen,B
Name the term used to describe the apparent volume of plasma from which a drug is removed per unit of time?,Volume of distribution,Half-life,Clearance,Bioavailability,C
What is the term used to describe the process by which a drug is converted into one or more metabolites by enzymes in the body?,Metabolism,Distribution,Absorption,Excretion,A
Which of the following factors can affect the volume of distribution of a drug?,Body composition,Body weight,Plasma protein levels,All of the above,D
Name the enzyme responsible for metabolizing many drugs in the liver.,Acetylcholinesterase,Cytochrome P450,Squalene synthase,Monoamine oxidase,B
What is the term used to describe the apparent volume of plasma from which a drug is removed per unit of time?,Half-life,Bioavailability,Clearance,Volume of distribution,C
Which of the following is an example of a drug that exhibits saturable elimination?,Acetaminophen,Aspirin,Phenytoin,Diazepam,C
Name the term used to describe the time required for the concentration of a drug in the body to decrease by half.,Minimum toxic concentration,Half-life,Therapeutic index,Bioavailability,B
What is the term used to describe the process by which a drug is eliminated from the body?,Metabolism,Distribution,Excretion,Elimination,C
Which of the following is an example of a drug that exhibits zero-order kinetics?,Phenytoin,Acetaminophen,Aspirin,Diazepam,A
Name the term used to describe the process by which a drug is distributed throughout the body.,Absorption,Metabolism,Excretion,Distribution,D
What is the term used to describe the fraction of an administered dose of a drug that is excreted unchanged in the urine?,Volume of distribution,Renal clearance,Bioavailability,Half-life,B
Which of the following is an example of a drug that undergoes enterohepatic circulation?,Aspirin,Lisinopril,Estradiol,Amoxicillin,C
Name the term used to describe the process by which a drug is distributed throughout the body.,Metabolism,Distribution,Absorption,Excretion,B
What is the term used to describe the fraction of an administered dose of a drug that reaches the systemic circulation?,Bioavailability,Half-life,Minimum effective dose,Minimum toxic concentration,A
Which of the following is an example of a drug that exhibits dose-dependent pharmacokinetics?,Codeine,Morphine,Diazepam,Warfarin,D
What is the term used to describe the maximum response that can be produced by a drug?,Toxicity,Efficacy,Potency,Half-life,B
Which of the following factors can affect drug receptor interaction?,All of the above,Affinity,Drug concentration,Receptor density,A
Name the term used to describe the ability of a drug to produce a specific therapeutic effect.,Half-life,Efficacy,Potency,Toxicity,B
What is the term used to describe the dose of a drug that is required to produce a specific therapeutic effect in 50% of the population?,TD50,EC50,LD50,ED50,D
Which of the following is an example of a drug with high intrinsic activity?,Naloxone,Morphine,Oxycodone,Codeine,B
Name the term used to describe the dose of a drug that is lethal in 50% of the population.,EC50,TD50,LD50,ED50,C
What is the term used to describe the concentration of a drug required to produce a specific effect?,Potency,Toxicity,Half-life,Efficacy,A
Which of the following factors can affect drug-receptor binding?,Temperature,All of the above,Presence of other drugs,pH,B
Name the term used to describe the ratio of the toxic dose to the therapeutic dose of a drug.,Volume of distribution,Therapeutic index,Bioavailability,Half-life,B
What is the term used to describe the time required for a drug to reach its maximum effect?,Duration of action,Half-life,Onset of action,Peak plasma concentration,C
Which of the following is an example of a drug with low intrinsic activity?,Codeine,Morphine,Naloxone,Oxycodone,C
Name the term used to describe the concentration of a drug required to produce a toxic effect.,Minimum effective concentration,Peak plasma concentration,Toxic concentration,Minimum toxic concentration,C
What is the term used to describe the duration of a drug's effect?,Half-life,Duration of action,Peak plasma concentration,Onset of action,B
Which of the following factors can affect drug response?,All of the above,Genetics,Disease states,Age,A
Name the term used to describe the process by which a drug binds to its receptor.,Drug absorption,Drug metabolism,Drug elimination,Drug-receptor interaction,D
What is the term used to describe the concentration of a drug required to produce a therapeutic effect in 50% of the population?,MC50,EC50,DC50,LC50,B
Which of the following is an example of a drug with high selectivity?,Aspirin,Loratadine,Amoxicillin,Ciprofloxacin,B
Name the term used to describe the ability of a drug to bind to its receptor.,Potency,Affinity,Half-life,Toxicity,B
What is the term used to describe the concentration of a drug required to produce a specific effect in 50% of the maximal response?,EC50,MC50,LC50,DC50,A
Which of the following factors can affect drug selectivity?,Structural features of the drug,Tissue distribution,All of the above,Receptor subtypes,C
What type of drug receptor is Nicotinic acetylcholine receptor?,Enzyme-linked receptor,Intracellular receptor,G protein-coupled receptor,Ligand-gated ion channel,D
Which of the following is an example of a drug that acts as an agonist at adrenergic receptors?,Methyldopa,Propranolol,Epinephrine,Norepinephrine,C
Name the enzyme targeted by angiotensin-converting enzyme (ACE) inhibitors.,Acetylcholinesterase,HMG-CoA reductase,Cyclooxygenase,Angiotensin-converting enzyme,D
What is the primary mechanism of action of beta-adrenergic antagonists (beta-blockers)?,Blockade of beta-adrenergic receptors,Inhibition of dopamine receptors,Inhibition of cyclooxygenase,Inhibition of acetylcholinesterase,A
Which of the following is an example of a drug that acts as an antagonist at muscarinic receptors?,Pilocarpine,Bethanechol,Acetylcholine,Atropine,D
Name the enzyme targeted by selective serotonin reuptake inhibitors (SSRIs).,Cyclooxygenase,Acetylcholinesterase,Serotonin transporter,Monoamine oxidase,C
What is the primary mechanism of action of angiotensin receptor blockers (ARBs)?,Inhibition of dopamine receptors,Inhibition of acetylcholinesterase,Blockade of angiotensin receptors,Inhibition of cyclooxygenase,C
Which of the following is an example of a drug that acts as an agonist at GABA receptors?,Flumazenil,Amphetamine,Diazepam,Phenobarbital,C
Name the enzyme targeted by nonsteroidal anti-inflammatory drugs (NSAIDs).,Angiotensin-converting enzyme,HMG-CoA reductase,Cyclooxygenase,Acetylcholinesterase,C
What is the primary mechanism of action of selective serotonin reuptake inhibitors (SSRIs)?,Blockade of serotonin receptors,Inhibition of serotonin reuptake,Inhibition of acetylcholinesterase,Inhibition of cyclooxygenase,B
Which of the following is an example of a drug that acts as an antagonist at histamine H1 receptors?,Propranolol,Epinephrine,Diphenhydramine,Histamine,C
Name the enzyme targeted by statins (HMG-CoA reductase inhibitors).,Angiotensin-converting enzyme,Acetylcholinesterase,Cyclooxygenase,HMG-CoA reductase,D
What is the primary mechanism of action of selective serotonin-norepinephrine reuptake inhibitors (SNRIs)?,Inhibition of acetylcholinesterase,Blockade of serotonin and norepinephrine receptors,Inhibition of serotonin and norepinephrine reuptake,Inhibition of cyclooxygenase,C
Which of the following is an example of a drug that acts as an agonist at opioid receptors?,Naloxone,Oxycodone,Codeine,Morphine,D
Name the enzyme targeted by proton pump inhibitors (PPIs).,Angiotensin-converting enzyme,Acetylcholinesterase,Proton pump,Cyclooxygenase,C
What is the primary mechanism of action of selective beta2-adrenergic agonists?,Blockade of beta2-adrenergic receptors,Inhibition of cyclooxygenase,Inhibition of acetylcholinesterase,Activation of beta2-adrenergic receptors,D
Which of the following is an example of a drug that acts as an antagonist at dopamine receptors?,Methyldopa,Dopamine,Haloperidol,Amphetamine,C
Name the enzyme targeted by cholinesterase inhibitors.,HMG-CoA reductase,Acetylcholinesterase,Cyclooxygenase,Angiotensin-converting enzyme,B
What is the primary mechanism of action of angiotensin-converting enzyme (ACE) inhibitors?,Inhibition of angiotensin-converting enzyme,Inhibition of acetylcholinesterase,Inhibition of cyclooxygenase,Blockade of angiotensin receptors,A
Which of the following is an example of a drug that acts as an agonist at histamine H2 receptors?,Propranolol,Epinephrine,Histamine,Famotidine,D
What is the primary neurotransmitter released by postganglionic sympathetic neurons?,GABA,Acetylcholine,Norepinephrine,Dopamine,C
Which of the following is an example of a drug that acts as a nonselective beta-adrenergic antagonist?,Propranolol,Labetalol,Metoprolol,Acebutolol,A
Name the receptor subtype primarily responsible for the effects of acetylcholine at the parasympathetic neuroeffector junctions.,Nicotinic receptors,Alpha-1 adrenergic receptors,Beta-1 adrenergic receptors,Muscarinic receptors,D
What is the primary neurotransmitter released by postganglionic parasympathetic neurons?,GABA,Dopamine,Acetylcholine,Norepinephrine,C
Which of the following is an example of a drug that acts as a nonselective alpha-adrenergic agonist?,Dobutamine,Phenylephrine,Norepinephrine,Clonidine,B
Name the receptor subtype primarily responsible for the effects of epinephrine at beta-adrenergic receptors.,Beta-2 adrenergic receptors,Beta-3 adrenergic receptors,Alpha-1 adrenergic receptors,Beta-1 adrenergic receptors,A
What is the primary neurotransmitter released by preganglionic sympathetic neurons?,Dopamine,GABA,Norepinephrine,Acetylcholine,D
Which of the following is an example of a drug that acts as a selective alpha-1 adrenergic antagonist?,Carvedilol,Doxazosin,Tamsulosin,Metoprolol,B
Name the receptor subtype primarily responsible for the effects of norepinephrine at alpha-adrenergic receptors.,Alpha-1 adrenergic receptors,Alpha-2 adrenergic receptors,Beta-1 adrenergic receptors,Beta-2 adrenergic receptors,A
What is the primary neurotransmitter released by preganglionic parasympathetic neurons?,Norepinephrine,Dopamine,GABA,Acetylcholine,D
Which of the following is an example of a drug that acts as a selective beta-1 adrenergic agonist?,Albuterol,Epinephrine,Isoproterenol,Dobutamine,D
Name the receptor subtype primarily responsible for the effects of norepinephrine at beta-adrenergic receptors.,Beta-2 adrenergic receptors,Beta-3 adrenergic receptors,Alpha-1 adrenergic receptors,Beta-1 adrenergic receptors,A
What is the primary neurotransmitter released by postganglionic sympathetic neurons innervating sweat glands?,Norepinephrine,Acetylcholine,Dopamine,GABA,B
Which of the following is an example of a drug that acts as a selective alpha-1 adrenergic agonist?,Clonidine,Dobutamine,Methoxamine,Phenylephrine,D
Name the receptor subtype primarily responsible for the effects of acetylcholine at the neuromuscular junction.,Muscarinic receptors,Nicotinic receptors,Beta-1 adrenergic receptors,Alpha-1 adrenergic receptors,B
What is the primary neurotransmitter released by postganglionic parasympathetic neurons innervating sweat glands?,Acetylcholine,Dopamine,GABA,Norepinephrine,A
Which of the following is an example of a drug that acts as a selective beta-2 adrenergic agonist?,Propranolol,Ephedrine,Albuterol,Isoproterenol,C
Name the receptor subtype primarily responsible for the effects of epinephrine at alpha-adrenergic receptors.,Beta-2 adrenergic receptors,Alpha-1 adrenergic receptors,Alpha-2 adrenergic receptors,Beta-1 adrenergic receptors,B
What is the primary neurotransmitter released by preganglionic sympathetic neurons innervating the adrenal medulla?,Dopamine,Norepinephrine,Acetylcholine,GABA,C
Which of the following is an example of a drug that acts as a selective alpha-2 adrenergic agonist?,Epinephrine,Methoxamine,Phenylephrine,Clonidine,D
Which of the following is an example of a drug that acts as a selective beta-1 adrenergic antagonist?,Labetalol,Carvedilol,Metoprolol,Propranolol,C
Name the class of drugs that inhibit the conversion of angiotensin I to angiotensin II.,Angiotensin-converting enzyme (ACE) inhibitors,Calcium channel blockers,Beta-blockers,Angiotensin receptor blockers (ARBs),A
What is the primary mechanism of action of calcium channel blockers?,Inhibition of calcium ion influx into cardiac and smooth muscle cells,Inhibition of angiotensin-converting enzyme (ACE),Blockade of beta-adrenergic receptors,Inhibition of sodium-potassium ATPase,A
Which of the following is an example of a drug that acts as a direct renin inhibitor?,Aliskiren,Losartan,Spironolactone,Lisinopril,A
Name the class of drugs that selectively block the HMG-CoA reductase enzyme.,Fibrates,Bile acid sequestrants,Proton pump inhibitors (PPIs),Statins,D
What is the primary mechanism of action of angiotensin receptor blockers (ARBs)?,Inhibition of sodium-potassium ATPase,Blockade of angiotensin receptors,Inhibition of calcium ion influx into cardiac and smooth muscle cells,Inhibition of angiotensin-converting enzyme (ACE),B
Which of the following is an example of a drug that acts as a selective alpha-1 adrenergic antagonist?,Metoprolol,Doxazosin,Propranolol,Tamsulosin,B
Name the class of drugs that inhibit the reuptake of norepinephrine at the presynaptic nerve terminals.,Dopamine reuptake inhibitors (DRIs),Norepinephrine reuptake inhibitors (NRIs),Serotonin-norepinephrine reuptake inhibitors (SNRIs),Selective serotonin reuptake inhibitors (SSRIs),B
What is the primary mechanism of action of beta-adrenergic agonists?,Inhibition of angiotensin-converting enzyme (ACE),Inhibition of calcium ion influx into cardiac and smooth muscle cells,Activation of beta-adrenergic receptors,Inhibition of sodium-potassium ATPase,C
Which of the following is an example of a drug that acts as a direct vasodilator by releasing nitric oxide?,Diltiazem,Amlodipine,Nitroglycerin,Metoprolol,C
Name the class of drugs that inhibit the sodium-potassium ATPase enzyme.,Potassium-sparing diuretics,Cardiac glycosides,Loop diuretics,Thiazide diuretics,B
What is the primary mechanism of action of angiotensin-converting enzyme (ACE) inhibitors?,Inhibition of angiotensin-converting enzyme,Inhibition of calcium ion influx into cardiac and smooth muscle cells,Blockade of angiotensin receptors,Inhibition of sodium-potassium ATPase,A
Which of the following is an example of a drug that acts as a selective beta-2 adrenergic agonist?,Isoproterenol,Propranolol,Albuterol,Epinephrine,C
Name the class of drugs that increase the excretion of sodium and water by inhibiting sodium reabsorption in the distal convoluted tubules.,Osmotic diuretics,Potassium-sparing diuretics,Loop diuretics,Thiazide diuretics,D
What is the primary mechanism of action of cardiac glycosides?,Inhibition of sodium-potassium ATPase,Blockade of beta-adrenergic receptors,Inhibition of angiotensin-converting enzyme (ACE),Inhibition of calcium ion influx into cardiac and smooth muscle cells,A
Which of the following is an example of a drug that acts as a non-dihydropyridine calcium channel blocker?,Verapamil,Felodipine,Nifedipine,Amlodipine,A
Name the class of drugs that reduce blood pressure by blocking alpha-1 adrenergic receptors on arterioles and veins.,Calcium channel blockers,Alpha-1 adrenergic antagonists,Angiotensin receptor blockers (ARBs),Beta-adrenergic antagonists,B
What is the primary mechanism of action of nitroglycerin?,Inhibition of sodium-potassium ATPase,Blockade of beta-adrenergic receptors,Release of nitric oxide leading to vasodilation,Inhibition of angiotensin-converting enzyme (ACE),C
What is the primary mechanism of action of selective serotonin reuptake inhibitors (SSRIs)?,Inhibition of serotonin reuptake,Inhibition of GABA reuptake,Inhibition of norepinephrine reuptake,Inhibition of dopamine reuptake,A
Which of the following is an example of a drug that acts as a selective serotonin-norepinephrine reuptake inhibitor (SNRI)?,Fluoxetine,Sertraline,Paroxetine,Venlafaxine,D
Name the class of drugs that potentiates the effects of GABA by binding to specific GABA-A receptors.,Serotonin-norepinephrine reuptake inhibitors (SNRIs),Selective serotonin reuptake inhibitors (SSRIs),Norepinephrine reuptake inhibitors (NRIs),Benzodiazepines,D
What is the primary mechanism of action of benzodiazepines?,Potentiation of GABA-A receptor activity,Inhibition of dopamine reuptake,Inhibition of serotonin reuptake,Inhibition of norepinephrine reuptake,A
Which of the following is an example of a drug that acts as a non-benzodiazepine selective agonist of the GABA-A receptor?,Diazepam,Lorazepam,Zolpidem,Alprazolam,C
Name the class of drugs that blocks the N-methyl-D-aspartate (NMDA) receptor.,NMDA receptor antagonists,Dopamine receptor antagonists,Serotonin receptor antagonists,Norepinephrine receptor antagonists,A
What is the primary mechanism of action of tricyclic antidepressants (TCAs)?,Inhibition of dopamine reuptake,Inhibition of acetylcholine esterase,Inhibition of GABA reuptake,Inhibition of norepinephrine and serotonin reuptake,D
Which of the following is an example of a drug that acts as a selective dopamine reuptake inhibitor?,Atomoxetine,Amphetamine,Modafinil,Methylphenidate,D
Name the class of drugs that blocks the dopamine D2 receptors in the mesolimbic pathway.,Benzodiazepines,Dopamine receptor antagonists,Serotonin-norepinephrine reuptake inhibitors (SNRIs),Selective serotonin reuptake inhibitors (SSRIs),B
What is the primary mechanism of action of antipsychotic medications?,Blockade of dopamine D2 receptors,Inhibition of norepinephrine reuptake,Inhibition of GABA reuptake,Inhibition of serotonin reuptake,A
Which of the following is an example of a drug that acts as a selective norepinephrine reuptake inhibitor (NRI)?,Fluoxetine,Sertraline,Atomoxetine,Paroxetine,C
Name the class of drugs that blocks the reuptake of norepinephrine and dopamine while also acting as an agonist at certain serotonin receptors.,Selective serotonin reuptake inhibitors (SSRIs),Serotonin-norepinephrine-dopamine reuptake inhibitors (SNDRI),Tricyclic antidepressants (TCAs),Benzodiazepines,B
What is the primary mechanism of action of antiepileptic drugs?,Inhibition of neuronal excitability,Potentiation of GABA-A receptor activity,Inhibition of serotonin reuptake,Inhibition of norepinephrine reuptake,A
Which of the following is an example of a drug that acts as a non-competitive antagonist at the N-methyl-D-aspartate (NMDA) receptor?,Alprazolam,Zolpidem,Ketamine,Lorazepam,C
What is the primary mechanism of action of selective norepinephrine reuptake inhibitors (NRIs)?,Inhibition of serotonin reuptake,Inhibition of norepinephrine reuptake,Inhibition of dopamine reuptake,Inhibition of GABA reuptake,B
Which of the following is an example of a drug that acts as a selective serotonin antagonist and partial agonist at serotonin receptors?,Aripiprazole,Risperidone,Quetiapine,Olanzapine,A
What is the primary mechanism of action of fluoroquinolone antibiotics?,Inhibition of bacterial DNA gyrase,Inhibition of bacterial protein synthesis,Inhibition of bacterial cell wall synthesis,Inhibition of bacterial RNA polymerase,A
Which of the following is an example of a drug that acts as a bactericidal agent by inhibiting bacterial cell wall synthesis?,Erythromycin,Ciprofloxacin,Penicillin,Gentamicin,C
Name the class of drugs that inhibits bacterial protein synthesis by binding to the 30S ribosomal subunit.,Tetracyclines,Macrolides,Fluoroquinolones,Aminoglycosides,D
What is the primary mechanism of action of sulfonamide antibiotics?,Inhibition of folic acid synthesis,Inhibition of bacterial protein synthesis,Inhibition of bacterial RNA polymerase,Inhibition of bacterial cell wall synthesis,A
Which of the following is an example of a drug that acts as a bacteriostatic agent by inhibiting bacterial protein synthesis?,Amoxicillin,Gentamicin,Tetracycline,Ciprofloxacin,C
Name the class of drugs that inhibits bacterial cell wall synthesis by binding to penicillin-binding proteins.,Penicillins,Sulfonamides,Fluoroquinolones,Aminoglycosides,A
What is the primary mechanism of action of macrolide antibiotics?,Inhibition of bacterial protein synthesis,Inhibition of bacterial cell wall synthesis,Inhibition of bacterial RNA polymerase,Inhibition of DNA gyrase,A
Which of the following is an example of a drug that acts as a bactericidal agent by inhibiting bacterial protein synthesis?,Ciprofloxacin,Tetracycline,Azithromycin,Gentamicin,D
What is the primary mechanism of action of tetracycline antibiotics?,Inhibition of folic acid synthesis,Inhibition of bacterial cell wall synthesis,Inhibition of bacterial RNA polymerase,Inhibition of bacterial protein synthesis,D
Which of the following is an example of a drug that acts as a bacteriostatic agent by inhibiting folic acid synthesis in bacteria?,Amoxicillin,Ciprofloxacin,Gentamicin,Trimethoprim,D
Name the class of drugs that inhibits bacterial protein synthesis by binding to the 50S ribosomal subunit.,Aminoglycosides,Macrolides,Tetracyclines,Fluoroquinolones,B
What is the primary mechanism of action of aminoglycoside antibiotics?,Inhibition of bacterial protein synthesis,Inhibition of bacterial cell wall synthesis,Inhibition of folic acid synthesis,Inhibition of bacterial RNA polymerase,A
Which of the following is an example of a drug that acts as a bactericidal agent by inhibiting bacterial cell wall synthesis?,Tetracycline,Ciprofloxacin,Vancomycin,Erythromycin,C
What is the primary mechanism of action of penicillin antibiotics?,Inhibition of bacterial protein synthesis,Inhibition of DNA gyrase,Inhibition of bacterial cell wall synthesis,Inhibition of bacterial RNA polymerase,C
Which of the following is an example of a drug that acts as a bacteriostatic agent by inhibiting bacterial protein synthesis?,Gentamicin,Ciprofloxacin,Erythromycin,Nafcillin,C
Name the class of drugs that inhibits folic acid synthesis in bacteria by inhibiting the enzyme dihydropteroate synthase.,Tetracyclines,Sulfonamides,Fluoroquinolones,Macrolides,B
What is the primary mechanism of action of rifampin antibiotics?,Inhibition of bacterial cell wall synthesis,Inhibition of DNA gyrase,Inhibition of bacterial RNA polymerase,Inhibition of bacterial protein synthesis,C
Which of the following is an example of a drug that acts as a bactericidal agent by inhibiting bacterial DNA gyrase?,Ciprofloxacin,Gentamicin,Amoxicillin,Erythromycin,A
Name the class of drugs that inhibits bacterial protein synthesis by binding to the 30S ribosomal subunit and causing misreading of the mRNA.,Fluoroquinolones,Tetracyclines,Aminoglycosides,Macrolides,C
What is the mechanism of action of cisplatin in chemotherapy?,Inhibition of folic acid synthesis,Inhibition of microtubule formation,Inhibition of DNA replication,Inhibition of topoisomerase II,C
Which of the following is a common side effect of anthracycline chemotherapy drugs?,Neurotoxicity,Cardiotoxicity,Ototoxicity,Nephrotoxicity,B
What is the mechanism of action of taxane chemotherapy drugs?,Inhibition of DNA replication,Inhibition of topoisomerase II,Inhibition of folic acid synthesis,Inhibition of microtubule disassembly,D
Which of the following is a common side effect of platinum-based chemotherapy drugs?,Cardiotoxicity,Neurotoxicity,Ototoxicity,Nephrotoxicity,D
What is the mechanism of action of topoisomerase inhibitors in chemotherapy?,Inhibition of topoisomerase enzymes,Inhibition of DNA replication,Inhibition of microtubule formation,Inhibition of folic acid synthesis,A
Which of the following is a common side effect of vinca alkaloid chemotherapy drugs?,Cardiotoxicity,Ototoxicity,Nephrotoxicity,Neurotoxicity,D
Name the class of drugs that interfere with DNA synthesis by mimicking nucleotides and incorporating into DNA strands.,Antimetabolites,Alkylating agents,Antifolates,Topoisomerase inhibitors,A
What is the mechanism of action of anthracycline chemotherapy drugs?,Inhibition of DNA replication,Inhibition of microtubule disassembly,Inhibition of topoisomerase II,Inhibition of folic acid synthesis,C
Which of the following is a common side effect of antimetabolite chemotherapy drugs?,Renal toxicity,Bone marrow suppression,Hepatotoxicity,Pulmonary toxicity,B
Name the class of drugs that inhibit microtubule formation and disrupt mitotic spindle formation.,Antimetabolites,Alkylating agents,Vinca alkaloids,Topoisomerase inhibitors,C
What is the mechanism of action of alkylating agents in chemotherapy?,Directly alkylating DNA,Inhibition of DNA replication,Inhibition of microtubule disassembly,Inhibition of folic acid synthesis,A
Which of the following is a common side effect of antimicrotubule chemotherapy drugs?,Nephrotoxicity,Ototoxicity,Cardiotoxicity,Peripheral neuropathy,D
What is the mechanism of action of antimetabolite chemotherapy drugs?,Inhibition of folic acid synthesis,Inhibition of microtubule formation,Inhibition of topoisomerase II,Inhibition of DNA synthesis,D
Which of the following is a common side effect of alkylating agent chemotherapy drugs?,Pulmonary toxicity,Hepatotoxicity,Renal toxicity,Bone marrow suppression,D
What is the mechanism of action of vinca alkaloid chemotherapy drugs?,Inhibition of folic acid synthesis,Inhibition of DNA replication,Inhibition of microtubule formation,Inhibition of topoisomerase II,C
Which of the following is a common side effect of antifolate chemotherapy drugs?,Renal toxicity,Bone marrow suppression,Hepatotoxicity,Pulmonary toxicity,B
Which of the following is a first-line treatment for acromegaly?,Somatostatin analogs,Thyroid hormone analogs,Growth hormone secretagogues,Growth hormone receptor antagonists,A
What is the mechanism of action of glucagon-like peptide-1 (GLP-1) agonists in the treatment of type 2 diabetes?,Enhancement of glucose-dependent insulin secretion,Delayed gastric emptying,Inhibition of hepatic gluconeogenesis,Increased insulin sensitivity,A
Which of the following is a common side effect of long-term corticosteroid therapy?,Hyperkalemia,Hypothyroidism,Hypertension,Osteoporosis,D
What is the primary mechanism of action of metformin in the treatment of type 2 diabetes?,Reduction of intestinal glucose absorption,Stimulation of insulin secretion,Inhibition of hepatic gluconeogenesis,Enhancement of insulin sensitivity,D
Which of the following is a common side effect of thiazolidinediones (TZDs)?,Hypothyroidism,Hypoglycemia,Hypokalemia,Fluid retention,D
Name the class of drugs that stimulates the release of insulin from pancreatic beta cells in a glucose-dependent manner.,Glucagon-like peptide-1 (GLP-1) agonists,Biguanides,Sulfonylureas,Dipeptidyl peptidase-4 (DPP-4) inhibitors,C
What is the mechanism of action of somatostatin analogs in the treatment of acromegaly?,Enhancement of insulin sensitivity,Inhibition of growth hormone secretion,Activation of thyroid hormone receptors,Stimulation of growth hormone receptor,B
Which of the following is a common side effect of insulin therapy?,Hyperkalemia,Hypertension,Hypoglycemia,Hyperglycemia,C
What is the primary mechanism of action of thyroid hormone analogs?,Activation of thyroid hormone receptors,Stimulation of insulin sensitivity,Replacement of deficient thyroid hormone,Inhibition of growth hormone secretion,C
Which of the following is a common side effect of growth hormone therapy?,Hypokalemia,Hypothyroidism,Hypoglycemia,Fluid retention,D
Name the class of drugs that enhances the effects of endogenous incretin hormones by inhibiting their degradation by the enzyme dipeptidyl peptidase-4 (DPP-4).,Biguanides,Thiazolidinediones,Dipeptidyl peptidase-4 (DPP-4) inhibitors,Sulfonylureas,C
What is the mechanism of action of growth hormone receptor antagonists in the treatment of acromegaly?,Activation of thyroid hormone receptors,Blockade of growth hormone receptor activation,Stimulation of growth hormone secretion,Enhancement of insulin sensitivity,B
Which of the following is a common side effect of thionamides used in the treatment of hyperthyroidism?,Hyperkalemia,Agranulocytosis,Hypothyroidism,Hypotension,B
Name the class of drugs that stimulates insulin secretion from pancreatic beta cells by closing ATP-sensitive potassium channels.,Sulfonylureas,Glucagon-like peptide-1 (GLP-1) agonists,Dipeptidyl peptidase-4 (DPP-4) inhibitors,Biguanides,A
What is the primary mechanism of action of SGLT2 inhibitors in the treatment of type 2 diabetes?,Reduction of intestinal glucose absorption,Enhancement of insulin sensitivity,Stimulation of insulin secretion,Inhibition of renal glucose reabsorption,D
Which of the following is a common side effect of thiazide diuretics used in the treatment of hypertension?,Hypokalemia,Hypothyroidism,Hypertension,Hypoglycemia,A
Name the class of drugs that enhances insulin sensitivity in peripheral tissues and inhibits hepatic gluconeogenesis.,Sulfonylureas,Thiazolidinediones,Biguanides,Glucagon-like peptide-1 (GLP-1) agonists,B
What is the mechanism of action of sulfonylureas in the treatment of type 2 diabetes?,Inhibition of hepatic gluconeogenesis,Reduction of intestinal glucose absorption,Enhancement of insulin sensitivity,Stimulation of insulin secretion from pancreatic beta cells,D
Which of the following is an example of a prodrug that requires enzymatic activation in the body?,Hydromorphone,Fentanyl,Codeine,Morphine,C
Name the phase of clinical trials that involves a large number of participants to evaluate the drug's safety and efficacy.,Phase II,Phase I,Phase III,Phase IV,C
What is the primary mechanism of action of selective serotonin reuptake inhibitors (SSRIs) in the treatment of depression?,Inhibition of serotonin reuptake,Inhibition of dopamine reuptake,Enhancement of dopamine release,Enhancement of serotonin release,A
Which of the following is a common side effect of selective serotonin reuptake inhibitors (SSRIs)?,Sexual dysfunction,Sedation,Hypoglycemia,Hypertension,A
Name the class of drugs that competitively antagonize the effects of opioids at the mu-opioid receptor.,Angiotensin-converting enzyme (ACE) inhibitors,Beta blockers,Opioid antagonists,Calcium channel blockers,C
What is the primary mechanism of action of benzodiazepines in the treatment of anxiety disorders?,Inhibition of serotonin reuptake,Stimulation of dopamine release,Inhibition of norepinephrine reuptake,Enhancement of gamma-aminobutyric acid (GABA) neurotransmission,D
Which of the following is a common side effect of benzodiazepines?,Hypertension,Weight gain,Sedation,Hypoglycemia,C
Name the phase of clinical trials that involves a small number of healthy volunteers to evaluate the drug's safety and pharmacokinetics.,Phase I,Phase IV,Phase III,Phase II,A
What is the primary mechanism of action of angiotensin-converting enzyme (ACE) inhibitors in the treatment of hypertension?,Blockade of angiotensin II receptors,Inhibition of angiotensin-converting enzyme,Enhancement of nitric oxide release,Inhibition of aldosterone synthesis,B
Which of the following is a common side effect of angiotensin-converting enzyme (ACE) inhibitors?,Dry cough,Hypotension,Hyperkalemia,Hypoglycemia,A
What is the primary mechanism of action of nonsteroidal anti-inflammatory drugs (NSAIDs)?,Blockade of histamine H2 receptors,Stimulation of prostaglandin synthesis,Inhibition of leukotriene synthesis,Inhibition of cyclooxygenase enzymes,D
Which of the following is a common side effect of nonsteroidal anti-inflammatory drugs (NSAIDs)?,Renal toxicity,Hypertension,Gastrointestinal ulcers and bleeding,Hypoglycemia,C
Name the phase of clinical trials that involves post-marketing surveillance to monitor the drug's safety and efficacy in a larger population.,Phase II,Phase IV,Phase I,Phase III,B
What is the primary mechanism of action of statins in the treatment of hyperlipidemia?,Enhancement of bile acid excretion,Inhibition of cholesterol absorption,Activation of peroxisome proliferator-activated receptors (PPARs),Inhibition of HMG-CoA reductase,D
Which of the following is a common side effect of statins?,Muscle pain and weakness,Hyperkalemia,Hypotension,Hypoglycemia,A
Name the class of drugs that irreversibly inhibits platelet aggregation by irreversibly inhibiting the platelet ADP receptor.,Factor Xa inhibitors,Direct thrombin inhibitors,Glycoprotein IIb/IIIa inhibitors,P2Y12 receptor antagonists,D
What is the primary mechanism of action of selective beta blockers in the treatment of hypertension?,Stimulation of alpha-adrenergic receptors,Inhibition of angiotensin-converting enzyme,Inhibition of calcium channels,Blockade of beta-adrenergic receptors,D
Which of the following is a common side effect of beta blockers?,Hypertension,Bradycardia,Hypoglycemia,Hyperkalemia,B
Name the phase of clinical trials that involves a larger number of patients to further evaluate the drug's safety and efficacy.,Phase I,Phase III,Phase II,Phase IV,C
What is the primary mechanism of action of proton pump inhibitors (PPIs) in the treatment of gastroesophageal reflux disease (GERD)?,Inhibition of gastric acid secretion by blocking the proton pump,Stimulation of prostaglandin synthesis,Inhibition of histamine H2 receptors,Enhancement of gastric motility,A
Which of the following is a common side effect of proton pump inhibitors (PPIs)?,Headache,Hypotension,Diarrhea,Hyperkalemia,A
Which of the following is a common antidote for acetaminophen overdose?,Flumazenil,N-acetylcysteine,Naloxone,Naltrexone,B
Name the phase of drug metabolism that involves the conversion of lipophilic compounds into more polar metabolites for excretion.,Phase III,Phase IV,Phase I,Phase II,D
What is the primary mechanism of action of chelating agents in the treatment of heavy metal poisoning?,Formation of stable complexes with heavy metals,Blockade of ion channels,Inhibition of cellular membrane transporters,Stimulation of metallothionein synthesis,A
Which of the following is a common side effect of organophosphate insecticide poisoning?,Hyperglycemia and polyuria,Miosis and bradycardia,Hypertension and tachycardia,Excessive salivation and sweating,D
Name the class of drugs that competitively antagonize the effects of opioids at the mu-opioid receptor and are used as opioid overdose reversal agents.,Angiotensin-converting enzyme (ACE) inhibitors,Calcium channel blockers,Opioid antagonists,Beta blockers,C
What is the primary mechanism of action of antidotes for cyanide poisoning?,Inhibition of cyanide absorption,Formation of stable complexes with cyanide,Enhancement of cyanide metabolism,Blockade of cyanide receptors,B
Which of the following is a common side effect of anticholinergic poisoning?,Excessive salivation and sweating,Dry mouth and blurred vision,Hypoglycemia and polyuria,Hypotension and bradycardia,B
What is the primary mechanism of action of atropine in the treatment of organophosphate insecticide poisoning?,Enhancement of acetylcholine release,Formation of stable complexes with organophosphates,Competitive inhibition of acetylcholinesterase,Blockade of muscarinic receptors,C
Which of the following is a common side effect of carbon monoxide poisoning?,Hyperglycemia and polyuria,Headache and dizziness,Excessive salivation and sweating,Hypertension and tachycardia,B
What is the primary mechanism of action of antidotes for opioid overdose?,Enhancement of opioid release,Inhibition of opioid metabolism,Competitive inhibition of opioid receptors,Blockade of opioid receptors,C
Which of the following is a common side effect of opioid toxicity?,Hypotension and bradycardia,Excessive salivation and sweating,Hypoglycemia and polyuria,Respiratory depression and sedation,D
What is the primary mechanism of action of calcium channel blockers in the treatment of calcium channel blocker overdose?,Inhibition of calcium reuptake,Blockade of calcium channels,Stimulation of calcium release,Enhancement of calcium channel activity,B
Which of the following is a common side effect of calcium channel blocker overdose?,Hypotension and bradycardia,Excessive salivation and sweating,Hyperglycemia and polyuria,Hypertension and tachycardia,A
Name the class of drugs that increase the excretion of weak acids and bases by altering the pH of urine.,Urinary alkalinizers,Proton pump inhibitors,Glucuronidation inhibitors,Chelating agents,A
What is the primary mechanism of action of antidotes for benzodiazepine overdose?,Inhibition of benzodiazepine absorption,Competitive inhibition of benzodiazepine receptors,Enhancement of benzodiazepine metabolism,Blockade of benzodiazepine receptors,B
Which of the following is a common side effect of benzodiazepine overdose?,Excessive salivation and sweating,Respiratory depression and sedation,Hypoglycemia and polyuria,Hypertension and tachycardia,B
Name the phase of drug metabolism that involves post-marketing surveillance to monitor the drug's safety and efficacy in a larger population.,Phase I,Phase IV,Phase II,Phase III,B
Which class of drugs is commonly used as immunosuppressants in organ transplantation?,Calcineurin inhibitors,Beta blockers,NSAIDs,Proton pump inhibitors,A
Name the primary mechanism of action of glucocorticoids in immunopharmacology.,Suppression of pro-inflammatory cytokines,Stimulation of antibody production,Inhibition of leukotriene synthesis,Blockade of histamine receptors,A
Which of the following is a common side effect of glucocorticoid therapy?,Immunosuppression and increased infection risk,Hypertension and tachycardia,Hypoglycemia and polyuria,Excessive salivation and sweating,A
What is the primary mechanism of action of monoclonal antibodies in immunopharmacology?,Stimulation of antibody production,Inhibition of leukotriene synthesis,Blockade of histamine receptors,Targeting specific antigens or receptors,D
Which class of drugs is commonly used as targeted therapies in cancer treatment?,Beta blockers,Tyrosine kinase inhibitors,Proton pump inhibitors,NSAIDs,B
What is the primary mechanism of action of tyrosine kinase inhibitors in immunopharmacology?,Stimulation of antibody production,Inhibition of abnormal kinase activity,Suppression of pro-inflammatory cytokines,Blockade of histamine receptors,B
Which of the following is a common side effect of tyrosine kinase inhibitor therapy?,Hypertension and tachycardia,Excessive salivation and sweating,Cardiotoxicity and QT prolongation,Hypoglycemia and polyuria,C
Name the class of drugs that inhibit the enzyme cyclooxygenase and reduce inflammation and pain.,Beta blockers,Calcineurin inhibitors,NSAIDs,Proton pump inhibitors,C
What is the primary mechanism of action of NSAIDs in immunopharmacology?,Suppression of pro-inflammatory cytokines,Inhibition of prostaglandin synthesis,Stimulation of antibody production,Blockade of histamine receptors,B
Which of the following is a common side effect of NSAID therapy?,Hypoglycemia and polyuria,Gastrointestinal bleeding and ulceration,Excessive salivation and sweating,Hypertension and tachycardia,B
Name the class of drugs that block the activation of B and T lymphocytes by inhibiting the calcineurin pathway.,Monoclonal antibodies,Beta blockers,Calcineurin inhibitors,Proton pump inhibitors,C
What is the primary mechanism of action of calcineurin inhibitors in immunopharmacology?,Blockade of histamine receptors,Inhibition of T-cell activation and cytokine release,Suppression of pro-inflammatory cytokines,Stimulation of antibody production,B
Which of the following is a common side effect of calcineurin inhibitor therapy?,Hypertension and tachycardia,Hypoglycemia and polyuria,Nephrotoxicity and increased infection risk,Excessive salivation and sweating,C
Name the class of drugs that reduce gastric acid secretion by inhibiting the proton pump in parietal cells of the stomach.,NSAIDs,Proton pump inhibitors,Calcineurin inhibitors,Beta blockers,B
What is the primary mechanism of action of proton pump inhibitors in immunopharmacology?,Suppression of pro-inflammatory cytokines,Blockade of histamine receptors,Stimulation of antibody production,Inhibition of gastric acid secretion,D
Which of the following is a common side effect of proton pump inhibitor therapy?,Increased risk of gastrointestinal infections,Hypoglycemia and polyuria,Hypertension and tachycardia,Excessive salivation and sweating,A
Name the class of drugs that block the activation of beta-adrenergic receptors and are used in the treatment of autoimmune diseases.,Proton pump inhibitors,Beta blockers,Calcineurin inhibitors,NSAIDs,B
What is the primary mechanism of action of beta blockers in immunopharmacology?,Blockade of beta-adrenergic receptors,Inhibition of leukotriene synthesis,Stimulation of antibody production,Suppression of pro-inflammatory cytokines,D
Which of the following is a common side effect of beta blocker therapy?,Hypertension and tachycardia,Bradycardia and hypotension,Excessive salivation and sweating,Hypoglycemia and polyuria,B
Name the class of drugs that inhibit the release of histamine and are used in the treatment of allergic reactions.,Beta blockers,Antihistamines,NSAIDs,Calcineurin inhibitors,B
What is the primary mechanism of action of antihistamines in immunopharmacology?,Blockade of histamine receptors,Stimulation of antibody production,Suppression of pro-inflammatory cytokines,Inhibition of leukotriene synthesis,A
Which regulatory body is responsible for the registration and regulation of pharmaceutical products in Nigeria?,Pharmaceutical Society of Nigeria (PSN),Nigerian Medical Association (NMA),National Agency for Food and Drug Administration and Control (NAFDAC),Nigeria Centre for Disease Control (NCDC),C
What is the primary purpose of the Code of Ethics for Pharmacists in Nigeria?,To enforce intellectual property rights,To regulate the importation of pharmaceutical products,To guide the professional conduct of pharmacists in Nigeria,To ensure patient confidentiality,C
Which of the following is considered unethical behavior for a pharmacist in Nigeria?,Ensuring medication safety,Participating in continuing professional development,Providing drug information to patients,Dispensing expired medications,D
What is the legal requirement for the sale of prescription-only medications in Nigeria?,Proof of residency,Prescription from a licensed healthcare professional,Prescription from a family member,Proof of age,B
Which of the following is a violation of intellectual property rights in the pharmaceutical industry?,Developing generic versions of medications,Counterfeiting branded medications, Conducting clinical trials on new drugs,Providing drug information to patients,B
Who is responsible for enforcing drug laws and regulations in Nigeria?,Nigeria Centre for Disease Control (NCDC),Nigerian Medical Association (NMA),National Agency for Food and Drug Administration and Control (NAFDAC),Pharmaceutical Society of Nigeria (PSN),C
What is the legal requirement for practicing pharmacy in Nigeria?,Registration with the Pharmacists Council of Nigeria (PCN),Membership in the Pharmaceutical Society of Nigeria (PSN),Approval from the National Agency for Food and Drug Administration and Control (NAFDAC),Completion of a medical degree,A
Which of the following is a violation of patient confidentiality by a pharmacist in Nigeria?,Providing drug information to patients,Obtaining informed consent for medication therapy,Documenting medication errors for quality improvement,Disclosing patient medication history to a family member,D
What is the legal requirement for conducting clinical trials in Nigeria?,Approval from the Nigeria Centre for Disease Control (NCDC),Approval from the Pharmaceutical Society of Nigeria (PSN),Approval from the National Agency for Food and Drug Administration and Control (NAFDAC),Approval from the Nigerian Medical Association (NMA),C
Which of the following is a violation of the informed consent process in clinical trials?,Failure to provide information on potential risks and benefits,Providing financial compensation to participants,Obtaining voluntary participation from eligible participants,Ensuring participant privacy and confidentiality,A
What is the legal requirement for the importation of pharmaceutical products in Nigeria?,Approval from the Nigerian Medical Association (NMA),Approval from the Nigeria Centre for Disease Control (NCDC),Membership in the Pharmaceutical Society of Nigeria (PSN),Registration with the National Agency for Food and Drug Administration and Control (NAFDAC),D
Which of the following is a violation of Good Manufacturing Practices (GMP) in the pharmaceutical industry?,Ensuring product quality and safety,Conducting post-marketing surveillance,Failure to maintain proper documentation and records,Implementing quality control measures,C
What is the legal requirement for advertising pharmaceutical products in Nigeria?,Approval from the Nigerian Medical Association (NMA),Approval from the Nigeria Centre for Disease Control (NCDC),Approval from the Pharmaceutical Society of Nigeria (PSN),Approval from the National Agency for Food and Drug Administration and Control (NAFDAC),D
Which of the following is a violation of the principles of marketing ethics in the pharmaceutical industry?,Providing accurate and balanced information to healthcare professionals,Conducting post-marketing surveillance,Ensuring transparency in financial relationships,Promoting off-label use of medications,D
What is the legal requirement for the storage and distribution of pharmaceutical products in Nigeria?,Compliance with Good Distribution Practices (GDP),Membership in the Pharmaceutical Society of Nigeria (PSN),Approval from the Nigeria Centre for Disease Control (NCDC),Approval from the Nigerian Medical Association (NMA),A
Which of the following is a violation of the principles of medication safety in pharmacy practice?,Dispensing medications without proper labeling,Implementing quality control measures,Ensuring accurate medication reconciliation,Providing patient counseling on medication use,A
What is the legal requirement for reporting adverse drug reactions in Nigeria?,Reporting to the National Pharmacovigilance Centre (NPC),Reporting to the Nigerian Medical Association (NMA),Reporting to the Nigeria Centre for Disease Control (NCDC),Reporting to the Pharmaceutical Society of Nigeria (PSN),A
Which of the following is considered unethical behavior for a pharmaceutical company in Nigeria?,Ensuring compliance with regulatory requirements,Providing accurate and balanced information about their products,Engaging in bribery and corruption,Conducting clinical trials to assess drug safety and efficacy,B
Which of the following drugs is a long-acting beta2 agonist used in the treatment of asthma?,Formoterol,Beclomethasone,Theophylline,Montelukast,A
What is the mechanism of action of anticholinergic drugs used in the treatment of chronic obstructive pulmonary disease (COPD)?,Inhibition of muscarinic receptors,Inhibition of leukotriene receptors,Activation of beta2 receptors,Blockade of histamine receptors,A
Which of the following is a leukotriene receptor antagonist used in the treatment of asthma?,Fluticasone,Ipratropium bromide,Salbutamol,Montelukast,D
What is the primary mechanism of action of corticosteroids used in the treatment of respiratory disorders?,Smooth muscle relaxation,Stimulation of beta2 receptors,Bronchodilation,Anti-inflammatory effects,D
Which of the following drugs is a mast cell stabilizer used in the treatment of asthma?,Formoterol,Cromolyn sodium,Beclomethasone,Theophylline,B
Which of the following drugs is a phosphodiesterase-4 inhibitor used in the treatment of chronic obstructive pulmonary disease (COPD)?,Salbutamol,Tiotropium bromide,Roflumilast,Fluticasone,C
What is the mechanism of action of beta2 agonists used in the treatment of asthma and chronic obstructive pulmonary disease (COPD)?,Inhibition of muscarinic receptors,Activation of beta2 receptors,Inhibition of leukotriene receptors,Blockade of histamine receptors,B
Which of the following drugs is a short-acting beta2 agonist used as a rescue medication in the treatment of asthma?,Theophylline,Beclomethasone,Salbutamol,Montelukast,C
What is the primary mechanism of action of antileukotriene drugs used in the treatment of asthma?,Smooth muscle relaxation,Bronchodilation,Inhibition of leukotriene receptors,Anti-inflammatory effects,C
Which of the following drugs is a long-acting muscarinic antagonist used in the treatment of chronic obstructive pulmonary disease (COPD)?,Tiotropium bromide,Formoterol,Fluticasone,Salbutamol,A
What is the mechanism of action of methylxanthine drugs used in the treatment of respiratory disorders?,Inhibition of muscarinic receptors,Bronchodilation,Activation of beta2 receptors,Phosphodiesterase inhibition,D
Which of the following drugs is an inhaled corticosteroid used in the treatment of asthma?,Montelukast,Theophylline,Fluticasone,Beclomethasone,C
What is the primary mechanism of action of mast cell stabilizers used in the treatment of respiratory disorders?,Smooth muscle relaxation,Anti-inflammatory effects,Bronchodilation,Inhibition of mast cell degranulation,D
Which of the following drugs is a short-acting muscarinic antagonist used in the treatment of chronic obstructive pulmonary disease (COPD)?,Salbutamol,Ipratropium bromide,Fluticasone,Formoterol,B
What is the mechanism of action of antihistamine drugs used in the treatment of respiratory disorders?,Inhibition of muscarinic receptors,Activation of beta2 receptors,Inhibition of leukotriene receptors,Blockade of histamine receptors,D
Which of the following drugs is a long-acting phosphodiesterase-4 inhibitor used in the treatment of chronic obstructive pulmonary disease (COPD)?,Salbutamol,Fluticasone,Roflumilast,Tiotropium bromide,C
What is the primary mechanism of action of anticholinergic drugs used in the treatment of asthma?,Bronchodilation,Smooth muscle relaxation,Inhibition of muscarinic receptors,Anti-inflammatory effects,C
Which of the following drugs is an oral leukotriene receptor antagonist used in the treatment of asthma?,Fluticasone,Ipratropium bromide,Salbutamol,Montelukast,D
What is the mechanism of action of inhaled corticosteroids used in the treatment of respiratory disorders?,Stimulation of beta2 receptors,Anti-inflammatory effects,Smooth muscle relaxation,Bronchodilation,B
Which of the following drugs is a short-acting beta2 agonist used in the treatment of asthma?,Theophylline,Salbutamol,Beclomethasone,Montelukast,B
Which of the following drugs is a proton pump inhibitor used in the treatment of gastroesophageal reflux disease (GERD)?,Metoclopramide,Bismuth subsalicylate,Omeprazole,Psyllium,C
What is the primary mechanism of action of H2 receptor antagonists used in the treatment of peptic ulcers?,Inhibition of prostaglandin synthesis,Stimulation of gastric acid secretion,Inhibition of histamine receptors,Enhancement of gastric motility,C
Which of the following drugs is a prokinetic agent used in the treatment of gastroesophageal reflux disease (GERD)?,Ranitidine,Esomeprazole,Metoclopramide,Loperamide,C
What is the primary mechanism of action of antacids used in the treatment of peptic ulcers?,Inhibition of prostaglandin synthesis,Neutralization of gastric acid,Inhibition of histamine receptors,Enhancement of gastric motility,B
Which of the following drugs is a selective serotonin 5-HT3 receptor antagonist used in the prevention of chemotherapy-induced nausea and vomiting?,Ondansetron,Loperamide,Cimetidine,Lansoprazole,A
What is the primary mechanism of action of prokinetic agents used in the treatment of gastroparesis?,Inhibition of gastric acid secretion,Anti-inflammatory effects,Enhancement of gastrointestinal motility,Stimulation of histamine receptors,C
Which of the following drugs is a bulk-forming laxative used in the treatment of constipation?,Metoclopramide,Bismuth subsalicylate,Domperidone,Psyllium,D
What is the primary mechanism of action of 5-HT3 receptor antagonists used in the treatment of irritable bowel syndrome (IBS)?,Enhancement of gastric motility,Inhibition of prostaglandin synthesis,Reduction of visceral hypersensitivity,Stimulation of gastric acid secretion,C
Which of the following drugs is a promotility agent used in the treatment of chronic constipation?,Loperamide,Prucalopride,Cimetidine,Lansoprazole,B
What is the primary mechanism of action of antidiarrheal agents used in the treatment of diarrhea?,Reduction of gastrointestinal motility,Inhibition of prostaglandin synthesis,Inhibition of histamine receptors,Enhancement of gastric acid secretion,A
Which of the following drugs is a 5-HT4 receptor agonist used in the treatment of chronic constipation?,Tegaserod,Metoclopramide,Bismuth subsalicylate,Ranitidine,A
What is the primary mechanism of action of bile acid sequestrants used in the treatment of hyperlipidemia?,Inhibition of prostaglandin synthesis,Inhibition of histamine receptors,Enhancement of gastric motility,Binding to bile acids in the intestine,D
Which of the following drugs is a synthetic prostaglandin E1 analog used in the prevention and treatment of gastric ulcers induced by nonsteroidal anti-inflammatory drugs (NSAIDs)?,Lansoprazole,Cimetidine,Misoprostol,Loperamide,C
What is the primary mechanism of action of prokinetic agents used in the treatment of gastroesophageal reflux disease (GERD)?,Stimulation of histamine receptors,Inhibition of gastric acid secretion,Anti-inflammatory effects,Enhancement of gastrointestinal motility,D
Which of the following drugs is a bulk-forming laxative used in the treatment of irritable bowel syndrome (IBS)?,Bismuth subsalicylate,Psyllium,Metoclopramide,Domperidone,B
What is the primary mechanism of action of antidiarrheal agents used in the treatment of traveler's diarrhea?,Reduction of gastrointestinal motility,Inhibition of histamine receptors,Inhibition of prostaglandin synthesis,Enhancement of gastric acid secretion,A
Which of the following drugs is a bile acid sequestrant used in the treatment of hyperlipidemia?,Loperamide,Cholestyramine,Cimetidine,Lansoprazole,B
What is the primary mechanism of action of 5-HT4 receptor agonists used in the treatment of gastroparesis?,Stimulation of histamine receptors,Anti-inflammatory effects,Inhibition of gastric acid secretion,Enhancement of gastrointestinal motility,D
Which of the following drugs is a synthetic prostaglandin E2 analog used in the induction of labor and cervical ripening?,Lansoprazole,Cimetidine,Loperamide,Dinoprostone,D
What is the primary mechanism of action of antispasmodic agents used in the treatment of irritable bowel syndrome (IBS)?,Inhibition of prostaglandin synthesis,Enhancement of gastric motility,Relaxation of gastrointestinal smooth muscle,Stimulation of gastricacid secretion,C
